file,category,doi,title,authors,year,venue,source,size_bytes,sha256
"papers/AI_Assisted_Sharding_Techniques_for_Blockchain_Scalability.pdf","supplemental_related_oa","10.63345/sjaibt.v2.i1.102","AI-Assisted Sharding Techniques for Blockchain Scalability","Dr. Eva Horváth","2025","Scientific Journal of Artificial Intelligence and Blockchain Technologies","related OA search","352967","d1be6406432a34d1173d91e03213178881be257453a8ab29f28e55df3371282f"
"papers/AI_Powered_Innovation_in_Digital_Transformation_Key_Pillars_and_Industry_Impact.pdf","prior_related","10.3390/su16051790","AI-Powered Innovation in Digital Transformation: Key Pillars and Industry Impact","Abdulaziz Aldoseri; Khalifa N. Al‐Khalifa; A.M.S. Hamouda","2024","Sustainability","Recommended via topic search: blockchain scalability parallel transaction execution","1357560","f2c39b4d640aaff152e134445bb77622255bc705ba26017ca8d6cb2bb42d9aec"
"papers/AI_and_6G_Into_the_Metaverse_Fundamentals_Challenges_and_Future_Research_Trends.pdf","prior_related","10.1109/ojcoms.2024.3349465","AI and 6G Into the Metaverse: Fundamentals, Challenges and Future Research Trends","Muhammad Zawish; Fayaz Ali Dharejo; Sunder Ali Khowaja; Saleem Raza; Steven Davy; Kapal Dev; Paolo Bellavista","2024","IEEE Open Journal of the Communications Society","Recommended via topic search: blockchain scalability parallel transaction execution","20899540","4501b9f082a6379cbe2d7b7a156377ef7aca29e5853464859948b160deac858f"
"papers/A_Chinese_Remainder_Theorem_for_partitions.pdf","supplemental_related_oa","10.1007/s11139-023-00699-0","A Chinese Remainder Theorem for partitions","Kayanattath Seethalakshmi; Steven Spallone","2023","The Ramanujan Journal","related OA search","482316","36af9df29a9468726b5249c230f0137328b9fb34eb79f9e8ec2189e6e722a61b"
"papers/A_Comprehensive_Review_on_Cyber_Attacks_in_Power_Systems_Impact_Analysis_Detection_and_Cyber_Security.pdf","prior_related","10.1109/access.2024.3361039","A Comprehensive Review on Cyber-Attacks in Power Systems: Impact Analysis, Detection, and Cyber Security","Naveen Tatipatri; S. L. Arun","2024","IEEE Access","Recommended via topic search: Chinese remainder theorem blockchain cryptography","2303881","f6b9fd0f46fc4147c881d72acd11975325e3bbca758cb4e3f4d1783bd13ebbc5"
"papers/A_Comprehensive_Survey_Evaluating_the_Efficiency_of_Artificial_Intelligence_and_Machine_Learning_Techniques_on.pdf","prior_related","10.1109/access.2024.3355547","A Comprehensive Survey: Evaluating the Efficiency of Artificial Intelligence and Machine Learning Techniques on Cyber Security Solutions","Merve Ozkan-Okay; Erdal Akin; Ömer Aslan; Selahattin Koşunalp; Teodor Iliev; Ivaylo Stoyanov; Ivan Beloev","2024","IEEE Access","Recommended via topic search: blockchain scalability parallel transaction execution","11907527","901bd687de007b78451b52addb37eacb5c4bdcaa7ce5d9c12a4994e9cecfce7a"
"papers/A_Novel_Blockchain_Based_Deepfake_Detection_Method_Using_Federated_and_Deep_Learning_Models.pdf","prior_related","10.1007/s12559-024-10255-7","A Novel Blockchain-Based Deepfake Detection Method Using Federated and Deep Learning Models","Arash Heidari; Nima Jafari Navimipour; Hasan Dağ; Samira Talebi; Mehmet Ünal","2024","Cognitive Computation","Recommended via topic search: blockchain scalability parallel transaction execution","1773954","159853d51c70ebd9a8ab42334565ef72414b7213d76fb5c414e5b30fc97ac2e0"
"papers/A_Survey_of_LoRaWAN_for_IoT_From_Technology_to_Application.pdf","reference_bib","10.3390/s18113995","A Survey of LoRaWAN for IoT: From Technology to Application","Haxhibeqiri, Jetmir and De Poorter, Eli and Moerman, Ingrid and Hoebeke, Jeroen","2018","Sensors","raza2018lorawan","1048489","02d66375ccdecec7ff718191e833d4808c94b83686cf9b92f034f897af336bbc"
"papers/A_Survey_on_Intelligent_Internet_of_Things_Applications_Security_Privacy_and_Future_Directions.pdf","prior_related","10.1109/comst.2024.3430368","A Survey on Intelligent Internet of Things: Applications, Security, Privacy, and Future Directions","Ons Aouedi; Thai-Hoc Vu; Alessio Sacco; Dinh C. Nguyen; Kandaraj Piamrat; Guido Marchetto; Quoc‐Viet Pham","2024","IEEE Communications Surveys & Tutorials","Recommended via topic search: blockchain smart agriculture IoT traceability","5019227","acb78008934b2fb9118f8d9789d0c87266b5e6030c9c31ae7b546aa48b65426f"
"papers/A_Survey_on_LoRa_for_Smart_Agriculture_Current_Trends_and_Future_Perspectives.pdf","reference_bib","10.1109/jiot.2022.3230505","A Survey on LoRa for Smart Agriculture: Current Trends and Future Perspectives","Pagano, Antonino and Croce, Daniele and Tinnirello, Ilenia and Vitale, Gianpaolo","2023","IEEE Internet of Things Journal","wang2025lora","1933605","0762cb168c57d0fab25428bf2a7781295edf6371d32b249660ea2841e4100665"
"papers/A_Survey_on_the_Role_of_IoT_in_Agriculture_for_the_Implementation_of_Smart_Farming.pdf","reference_bib","10.1109/access.2019.2949703","A Survey on the Role of IoT in Agriculture for the Implementation of Smart Farming","Farooq, M. S. and Riaz, Shamyla and Abid, Adnan and Abid, Kashif and Naeem, M. A.","2019","IEEE Access","hassan2019iotSecurity","12249113","11d6d07c97683f8e3a051cfbc07370156a2b0fa6ecd361680f9b65a226235e13"
"papers/A_meta_systematic_review_of_artificial_intelligence_in_higher_education_a_call_for_increased_ethics_collaborat.pdf","prior_related","10.1186/s41239-023-00436-z","A meta systematic review of artificial intelligence in higher education: a call for increased ethics, collaboration, and rigour","Melissa Bond; Hassan Khosravi; Maarten de Laat; Nina Bergdahl; Violeta Negrea; Emily Oxley; Phuong Pham; Sin Wang Chong; George Siemens","2024","International Journal of Educational Technology in Higher Education","Recommended via topic search: blockchain healthcare electronic health records privacy","2890939","0c30d0b185b5e6cf3a830b75e2d0eed53f1de472a8a52ec865a1a29bbaf80115"
"papers/A_systematic_review_of_deep_learning_techniques_for_plant_diseases.pdf","prior_related","10.1007/s10462-024-10944-7","A systematic review of deep learning techniques for plant diseases","İshak Paçal; İsmail Kunduracıoğlu; Mehmet Hakkı Alma; Muhammet Deveci; Seifedine Kadry; Jan Nedoma; Vlastimil Slaný; Radek Martínek","2024","Artificial Intelligence Review","Recommended via topic search: blockchain smart agriculture IoT traceability","3388748","53e9c530bea2adda65310c8bdf379d9813adb6becbca90373d5496f65791d689"
"papers/An_Advanced_Energy_Efficient_Environmental_Monitoring_in_Precision_Agriculture_Using_LoRa_Based_Wireless_Senso.pdf","reference_bib","10.3390/s23146332","An Advanced Energy-Efficient Environmental Monitoring in Precision Agriculture Using LoRa-Based Wireless Sensor Networks","Vukovic, Vukica and Raca, Darijo and Vukovic, Milan","2023","Sensors","mohammed2025loraEnergy","5301154","c097455c419387042c3f5f8f3226090dbe1cebed8aec0a4e5cdecbe1ed1e8882"
"papers/An_Efficient_Authentication_Scheme_for_Blockchain_Based_Electronic_Health_Records.pdf","cited_in_manuscripts","10.1109/access.2019.2904300","An Efficient Authentication Scheme for Blockchain-Based Electronic Health Records","Fei Tang; Shuai Ma; Yong Xiang; Changlu Lin","2019","IEEE Access","Enhancing_Bitcoin_Scalability_through_Parallel_Programming_and_Chinese","2607028","cbaea2054310701ecc9721dcdb0c1b5ad973066d24e71547bde9f0c86a334a7c"
"papers/An_Explainable_Artificial_Intelligence_Driven_Blockchain_Architecture_for_Secure_Healthcare_Data_Exchange.pdf","supplemental_related_oa","","An Explainable Artificial Intelligence Driven Blockchain Architecture for Secure Healthcare Data Exchange","","","","related OA search","649059","c9a0a5e6482281602ce2ce2e3fcd4768a356b0b881d525d5d681a533b6b45b35"
"papers/An_advanced_deep_learning_method_for_pepper_diseases_and_pests_detection.pdf","reference_bib","10.1186/s13007-025-01387-4","An advanced deep learning method for pepper diseases and pests detection","Wang, Xuewei and Liu, Jun and Chen, Qian","2025","Plant Methods","wang2025pepper","4589607","1dd9644d3ab31664047d35b8f2c0dcdc9c03bbae636ab8010fd987100e02a690"
"papers/An_optimized_cloud_based_blockchain_framework_for_enhanced_scalability_security_and_energy_efficiency.pdf","supplemental_related_oa","","An optimized cloud based blockchain framework for enhanced scalability security and energy efficiency","","","","related OA search","1725097","b49d3e76b0398ff6d4f83f0582142f95594d282801b228da1b38594f5e80a84a"
"papers/Applicability_of_Blockchain_Based_Implementation_for_Risk_Management_in_Healthcare_Projects.pdf","supplemental_related_oa","10.30953/bhty.v5.191","Applicability of Blockchain-Based Implementation for Risk Management in Healthcare Projects","In Bae Chung; Carlos Caldas","2022","Blockchain in Healthcare Today","related OA search","2126418","1fd781cf3dfccb9e6faf4a5f10ff96d6720234e8c8b7e82a612d337e97724a4f"
"papers/Applications_of_blockchain_technology_for_enhancing_traceability_and_food_safety_management_in_the_beef_s.pdf","supplemental_related_oa","10.3897/ejfa.2025.168820","Applications of blockchain technology for enhancing traceability and food safety management in the beef supply chain","Jiaohui Tang","2025","Emirates Journal of Food and Agriculture","related OA search","1762027","981855112cf2910e240aa5c768ef8a7c9a68a7388b84d99f5747f53b2b310fd7"
"papers/Artificial_Intelligence_AI_Applications_in_Drug_Discovery_and_Drug_Delivery_Revolutionizing_Personalized_Medic.pdf","prior_related","10.3390/pharmaceutics16101328","Artificial Intelligence (AI) Applications in Drug Discovery and Drug Delivery: Revolutionizing Personalized Medicine","Dolores R. Serrano; Francis C. Luciano; Brayan J. Anaya; Baris Öngoren; Aytug Kara; Gracia Molina; Bianca I. Ramirez; Sergio A. Sánchez-Guirales; JJ Martínez Simón; Greta Tomietto; Chrysi Rapti; Helga K. Ruiz; Satyavati Rawat; Dinesh Kumar; Aikaterini Lalatsa","2024","Pharmaceutics","Recommended via topic search: blockchain healthcare electronic health records privacy","2157603","2760cb847e6c25a171c47bb020d45537ac68aa45fb78ef5f338b97d8166e05be"
"papers/Artificial_Intelligence_in_Logistics_Optimization_with_Sustainable_Criteria_A_Review.pdf","prior_related","10.3390/su16219145","Artificial Intelligence in Logistics Optimization with Sustainable Criteria: A Review","Wenwen Chen; Yangchongyi Men; Noelia Fuster; Celia Osorio; Ángel A. Juan","2024","Sustainability","Recommended via topic search: blockchain smart agriculture IoT traceability","1559785","56f822f3882c0f1705748a6b5d956281c4a9c2e238bbeeafbd7694419eb5bd98"
"papers/Artificial_Neural_Network_Blockchain_Techniques_for_Healthcare_System_Focusing_on_the_Personal_Health_Records.pdf","cited_in_manuscripts","10.3390/electronics9050763","Artificial Neural Network Blockchain Techniques for Healthcare System: Focusing on the Personal Health Records","Seong-Kyu Kim; Jun-Ho Huh","2020","Electronics","Enhancing_Bitcoin_Scalability_through_Parallel_Programming_and_Chinese","8969819","af40b9fcf61e13fa0c9d884c3735155b64fd7cb441b1a7a9b38a19d039219361"
"papers/Artificial_intelligence_and_machine_learning_in_cybersecurity_a_deep_dive_into_state_of_the_art_techniques_and.pdf","prior_related","10.1007/s10115-025-02429-y","Artificial intelligence and machine learning in cybersecurity: a deep dive into state-of-the-art techniques and future paradigms","Nachaat Mohamed","2025","Knowledge and Information Systems","Recommended via topic search: blockchain scalability parallel transaction execution","3069674","d5d496d160d5d5760b75a5b7702dfdf0c6ba76167dd2099966b3d251125f6cd5"
"papers/Balancing_Privacy_and_Progress_A_Review_of_Privacy_Challenges_Systemic_Oversight_and_Patient_Perceptions_in_AI.pdf","prior_related","10.3390/app14020675","Balancing Privacy and Progress: A Review of Privacy Challenges, Systemic Oversight, and Patient Perceptions in AI-Driven Healthcare","S. Williamson; Victor R. Prybutok","2024","Applied Sciences","Recommended via topic search: blockchain healthcare electronic health records privacy","665720","11a880af419c751dbb86db9df43b3eebe516b04a2398948a5437784421adedef"
"papers/Beyond_Bits_A_Review_of_Quantum_Embedding_Techniques_for_Efficient_Information_Processing.pdf","prior_related","10.1109/access.2024.3382150","Beyond Bits: A Review of Quantum Embedding Techniques for Efficient Information Processing","Mansoor Ali Khan; Muhammad Naveed Aman; Biplab Sikdar","2024","IEEE Access","Recommended via topic search: Chinese remainder theorem blockchain cryptography","11690500","792cf8d1d5b62acd5496ac678f147dc2cafbb758553be7ed5806cf078e740f87"
"papers/Bitcoin_monthly_return_forecast_A_comparison_of_ARIMA_and_multi_layer_Perceptron_Artificial_Neural_Networ.pdf","supplemental_related_oa","10.1201/9781003032588-1","Bitcoin","A.R. Sathya; Ahmed A. Elngar","2020","Bitcoin and Blockchain","related OA search","1746862","53b7289cf1cae8bf1ef9d3d45e6ead20e7fe1f89bb8a591d49f0986e41109ec3"
"papers/Blockchain_Applications_in_Core_Healthcare_Services_Patient_Data_Research_and_Institutional_Processes.pdf","supplemental_related_oa","","Blockchain Applications in Core Healthcare Services Patient Data Research and Institutional Processes","","","","related OA search","9707707","0e3856965e7fdf99480f6ffcbc7290719a9787773fe4e46a05c6d371d7b317ab"
"papers/Blockchain_Based_Framework_for_Traffic_Event_Verification_in_Smart_Vehicles.pdf","cited_in_manuscripts","10.1109/access.2024.3352738","Blockchain-Based Framework for Traffic Event Verification in Smart Vehicles","Francisco A. Pujol; Higinio Mora; Tamai Ramírez; Carlos Rocamora; Arturo Bedón","2024","IEEE Access","Enhancing_Bitcoin_Scalability_through_Parallel_Programming_and_Chinese","2478202","42f2faa59640c9913e8d16849b445e16f32d83cc9a8a474d0c3da202ffd8d791"
"papers/Blockchain_Based_Personal_Health_Records_Sharing_Scheme_With_Data_Integrity_Verifiable.pdf","cited_in_manuscripts","10.1109/access.2019.2931531","Blockchain-Based Personal Health Records Sharing Scheme With Data Integrity Verifiable","Shangping Wang; Dan Zhang; Yaling Zhang","2019","IEEE Access","Enhancing_Bitcoin_Scalability_through_Parallel_Programming_and_Chinese","8990735","2540df9eb2c0bdeeb9962b3e07d0d22fa473178917cccfa3cc4713580c0bf1a1"
"papers/Blockchain_Based_Smart_Farm_Security_Framework_for_the_Internet_of_Things.pdf","reference_bib","10.3390/s23187992","Blockchain-Based Smart Farm Security Framework for the Internet of Things","Aliyu, Ahmed Abubakar and Liu, Jinshuo","2023","Sensors","ali2023farmDataTampering","3032172","12c40ab28b18792bbb40f38c771ace5593ff278715e81191f56b943d23dda25b"
"papers/Blockchain_Based_Soybean_Traceability_in_Agricultural_Supply_Chain.pdf","reference_bib","10.1109/access.2019.2918000","Blockchain-Based Soybean Traceability in Agricultural Supply Chain","Salah, Khaled and Nizamuddin, Nishara and Jayaraman, Raja and Omar, Mohammed","2019","IEEE Access","ali2022secureIOT","4645319","a959b122ab41b18e85d2f5b58ff83ebc103ec4b8d3c92e2112df7229fdad0e91"
"papers/Blockchain_Driven_Security_Models_for_Privacy_Preservation_in_IoT_Based_Smart_Cities.pdf","supplemental_related_oa","","Blockchain Driven Security Models for Privacy Preservation in IoT Based Smart Cities","","","","related OA search","740682","330641f107dfe419decf1de3aa1e966995b4a3f6aca6a2a67fc5350900edf060"
"papers/Blockchain_Enabled_Electronic_Health_Record_Model_for_Managing_Patients_Vital_Data_and_Medical_Reports.pdf","supplemental_related_oa","","Blockchain Enabled Electronic Health Record Model for Managing Patients Vital Data and Medical Reports","","","","related OA search","1554213","4b4705d7a93065665a5b45f6a71a0f4e1bb05d1161741daaaed96d039576c89f"
"papers/Blockchain_HIE_Overview_A_Framework_for_Healthcare_Interoperability.pdf","supplemental_related_oa","","Blockchain HIE Overview A Framework for Healthcare Interoperability","","","","related OA search","392087","153bd4e208ad7659cb775ec2944dda8111ca25273be5657861423da7ba1c74dc"
"papers/Blockchain_Interoperability_and_Self_Sovereign_Identity_Trust_Me_It_s_My_Data.pdf","supplemental_related_oa","","Blockchain Interoperability and Self Sovereign Identity Trust Me It s My Data","","","","related OA search","526825","72599d77fefd5b68e3f0ba7b820f396b2e5cf77bf0595429ec90b64b72731907"
"papers/Blockchain_Layer_2_Rollups_Optimistic_vs_zero_knowledge.pdf","cited_in_manuscripts","10.34218/ijaret.14.2.002","Blockchain Layer 2 Rollups, Optimistic vs zero knowledge","Ohm Patel","2023","INTERNATIONAL JOURNAL OF ADVANCED RESEARCH IN ENGINEERING AND TECHNOLOGY","Enhancing_Bitcoin_Scalability_through_Parallel_Programming_and_Chinese","631429","ad393b0c3b11331ba7a796ad25c4d60595ca9438e9d55096bb555756aea3bf61"
"papers/Blockchain_Scalability_Analysis_and_Improvement_of_Bitcoin_Network_through_Enhanced_Transaction_Adjournme.pdf","supplemental_related_oa","10.31185/wjcms.298","Blockchain Scalability Analysis and Improvement of Bitcoin Network through Enhanced Transaction Adjournment Techniques","Umar Danjuma Maiwada","2025","Wasit Journal of Computer and Mathematics Science","related OA search","1373013","2ae93e6c5867bb1c6a8f7f4d80a9aede6efb6a88374455ac0c23126dbfa98547"
"papers/Blockchain_Technologies_for_the_Internet_of_Things_Research_Issues_and_Challenges.pdf","reference_bib","10.1109/jiot.2020.2984478","Blockchain Technologies for the Internet of Things: Research Issues and Challenges","Ferrag, M. A. and Shu, L. and Debbah, M.","2020","IEEE Internet of Things Journal","ferrag2020blockchain","2990451","6a926661a8d4eafdfde40cdd8e07f869e405c6b5a0efc6da5a58525fc208ae6d"
"papers/Blockchain_Technology_to_Enhance_Clinical_Data_Management_in_Healthcare_A_Systematic_Literature_Review.pdf","supplemental_related_oa","","Blockchain Technology to Enhance Clinical Data Management in Healthcare A Systematic Literature Review","","","","related OA search","1624001","979c39bd7617b784f6866730c7d088061a6b222528fb5a6ce7f17a1325fb7f54"
"papers/Blockchain_and_Electronic_Health_Records_Security_in_Hospitals.pdf","supplemental_related_oa","10.58777/its.v2i2.359","Blockchain and Electronic Health Records Security in Hospitals","Van Nhan Nguyen; Trần Thí Thúy Vân","2025","Information Technology and Systems","related OA search","803892","d57dffe7ed2c138b194517abf166ff9149df1423df4aebca91df155c8c819cf4"
"papers/Blockchain_backed_sustainable_management_of_the_Italian_tomato_processing_industry.pdf","reference_bib","10.3390/agriculture14071120","Blockchain-backed sustainable management of the Italian tomato processing industry","Safeer, Sajid and Ricciardi, Paolo and Romano, Alessandro and Russo, Guido","2024","Agriculture","safeer2024tomato","2621248","77b7ffe19c92c4b90fae6976c264f49133fde8e2bb7887011066b89f78fdc995"
"papers/Blockchain_based_secured_traceability_system_for_the_agriculture_supply_chain_of_ginger_in_Nepal_A_case_s.pdf","supplemental_related_oa","","Blockchain based secured traceability system for the agriculture supply chain of ginger in Nepal A case s","","","","related OA search","500361","c6a75d8798364180ade15763eb644d39611a8ea38afd4915ad9c428223b09a1b"
"papers/Blockchain_for_Secure_EHRs_Sharing_of_Mobile_Cloud_Based_E_Health_Systems.pdf","reference_bib","10.1109/access.2019.2917555","Blockchain for Secure EHRs Sharing of Mobile Cloud Based E-Health Systems","Nguyen, Dinh C. and Pathirana, Pubudu N. and Ding, Ming and Seneviratne, Aruna","2019","IEEE Access","ogunleye2020iotBlockchain","7864126","b93e3ff8227a18b026a7f73fa5e4242cf46498ba7b0c1b9c087b4b322bd541fe"
"papers/Blockchain_in_internet_of_things_challenges_and_solutions.pdf","reference_bib","10.1109/comst.2017.2694144","Blockchain in internet of things: challenges and solutions","Dorri, Ali and Kanhere, Salil S. and Jurdak, Raja","2017","IEEE Communications Surveys \& Tutorials","anderson2021iotBlockchain","1362112","1d6c481e875a9572db5bf3a849640b0adcc547f25c39dcf800b6fff8bb4e1bd8"
"papers/Blockchain_technology_in_agriculture_Ensuring_transparency_and_traceability_in_the_food_supply_chain.pdf","supplemental_related_oa","","Blockchain technology in agriculture Ensuring transparency and traceability in the food supply chain","","","","related OA search","676842","1193a0c1d1da82ccbc6f30ba6c4f85e5bbed9b4dc8fd23d4ce587ec688ad6f44"
"papers/CRT_Based_Parallel_Residue_Transmission_for_Distributed_Edge_Blockchain_Computing_A_Scalable_IoT_Cluster_Archi.pdf","cited_in_manuscripts","10.21203/rs.3.rs-9070688/v1","CRT-Based Parallel Residue Transmission for Distributed Edge Blockchain Computing: A Scalable IoT Cluster Architecture for Arid Agriculture","Glen beloa forcha; Michael Ekonde Sone; Elie Fute Tagne; André Paul ASSE MVOGO","2026","""","paper version 1 to upload for report","1121564","607f5f117a4eb50f97295458a90d0bb9d16ce424d8811225cff1ca300c33ea8d"
"papers/Centralized_exchanges_vs_decentralized_exchanges_in_cryptocurrency_markets_A_systematic_literature_review.pdf","prior_related","10.1007/s12525-024-00714-2","Centralized exchanges vs. decentralized exchanges in cryptocurrency markets: A systematic literature review","Sascha Hägele","2024","Electronic Markets","Recommended via topic search: Chinese remainder theorem blockchain cryptography","1692696","daeffe35e88b70c80ce262c30778ffc79ab4f92c425cdad9043f7e3e83148df7"
"papers/Certificateless_Provable_Data_Possession_Scheme_for_Cloud_Based_Electronic_Health_Records_System.pdf","cited_in_manuscripts","10.3390/math12243883","Certificateless Provable Data Possession Scheme for Cloud-Based Electronic Health Records System","Yujie Wu; Xiao Tan; Qi Xie","2024","Mathematics","Enhancing_Bitcoin_Scalability_through_Parallel_Programming_and_Chinese","953874","fc9013c31467f038275a3bffdacf99046f743fcaa7923db2f81c54354b122040"
"papers/Collaborative_Networks_Integrating_Blockchain_for_Enhanced_Trust_and_Transparency.pdf","prior_related","10.38124/ijisrt/ijisrt24jul180","Collaborative Networks: Integrating Blockchain for Enhanced Trust and Transparency","Ajit Kumar; Om Prakash Roy","2024","International Journal of Innovative Science and Research Technology (IJISRT)","Recommended via topic search: blockchain healthcare electronic health records privacy","263989","84ca8a4fefac4f093b32a040892c295f9682efa4ca6a3c14f2574ec0cdfd01a2"
"papers/Commercially_Successful_Blockchain_Healthcare_Projects_A_Scoping_Review.pdf","supplemental_related_oa","","Commercially Successful Blockchain Healthcare Projects A Scoping Review","","","","related OA search","1031163","3f7cc746a0d2e85ee5f9fafb83c5da9dcc9ebeacc6f2599c0d99082e34cb3b2f"
"papers/Convergence_of_edge_computing_and_deep_learning_A_comprehensive_survey.pdf","reference_bib","10.1109/comst.2020.2970550","Convergence of edge computing and deep learning: A comprehensive survey","Wang, Xiaofei and Han, Yi and Leung, Victor C. M. and Niyato, Dusit and Yan, Xueqiang and Chen, Xu","2021","IEEE Communications Surveys \& Tutorials","wang2021edge","2180256","2da20d4941d610dfc77bd85c8f8ee517d97995c59d1a04d9ec12b8f1785d0769"
"papers/Decentralizing_Privacy_Using_Blockchain_to_Protect_Personal_Data.pdf","reference_bib","10.1109/spw.2015.27","Decentralizing Privacy: Using Blockchain to Protect Personal Data","Zyskind, Guy and Nathan, Oz and Pentland, Alex","2015","2015 IEEE Security and Privacy Workshops","kim2023privacy","617734","10889fd85f75af7de487b19f677ab9742ce448bab3e81a0839b5b54d76de0b29"
"papers/Deep_learning_enables_precision_agriculture_for_sustainable_chili_pepper_disease_detection_in_Benin.pdf","reference_bib","10.1007/s44163-025-00583-4","Deep learning enables precision agriculture for sustainable chili pepper disease detection in Benin","Odounfa, Mireille Gloria Founmilayo and Hounmenou, Castro Gbêmêmali and Salako, Valère Kolawolé and Affokpon, Antoine and Glèlè Kakaï, Romain L.","2025","Discover Artificial Intelligence","odounfa2025chili","3613201","1e668796f0674a9dd8a8f62499cb9767ec5ba4125f35a93f8a301cf62a892b52"
"papers/Design_of_Dual_Mode_Local_Oscillators_Using_CMOS_Technology_for_Motion_Detection_Sensors.pdf","reference_bib","10.3390/s18041057","A novel data compression method for wireless sensor networks","Wang, Yong and Chen, Irene and Wang, Dazhi","2018","Sensors","wang2018novel","12013598","d3a33a7e9eac1f1d5894b0ebcc1f912c712625e1496b7fab57d5893f3b0f3556"
"papers/Developing_Blockchain_Algorithms_in_the_IoT_Network_to_Secure_DataIntegrity_and_System_Scalability.pdf","supplemental_related_oa","","Developing Blockchain Algorithms in the IoT Network to Secure DataIntegrity and System Scalability","","","","related OA search","747878","55b31bd056364f6ee9b169a803610f82085dde49d10473582bfab742dac04240"
"papers/Developing_Ubiquitous_Sensor_Network_Platform_Using_Internet_of_Things_Application_in_Precision_Agricultu.pdf","reference_bib","10.3390/s16071141","Developing Ubiquitous Sensor Network Platform Using Internet of Things: Application in Precision Agriculture","Ferrandez-Pastor, Francisco-Javier and Garcia-Chamizo, Juan-Manuel and Nieto-Hidalgo, Mario and Mora-Pascual, Joselito and Mora-Martinez, Jose","2016","Sensors","knight2025iotResilience","9001532","253d88ce24428e27c344d92598005a3eb6095114a3b8a21650e3fb68aeb2c188"
"papers/Digital_twins_for_health_a_scoping_review.pdf","prior_related","10.1038/s41746-024-01073-0","Digital twins for health: a scoping review","Evangelia Katsoulakis; Qi Wang; Huanmei Wu; Leili Shahriyari; R. Fletcher; Jinwei Liu; Luke E. K. Achenie; Hongfang Liu; Pamela Jackson; Ying Xiao; Tanveer Syeda-Mahmood; Richard Tuli; Jun Deng","2024","npj Digital Medicine","Recommended via topic search: blockchain healthcare electronic health records privacy","1391045","76e469605c383f55d9c0cf32e13a7ced36737def478c15382d48f6465203ea8d"
"papers/Disruptive_Technologies_for_Environment_and_Health_Research_An_Overview_of_Artificial_Intelligence_Blockchain_.pdf","cited_in_manuscripts","10.3390/ijerph16203847","Disruptive Technologies for Environment and Health Research: An Overview of Artificial Intelligence, Blockchain, and Internet of Things","Frederico M. Bublitz; Arlene Oetomo; Kirti S. Sahu; Amethyst Kuang; Laura X. Fadrique; Pedro E. Velmovitsky; Raphael M. Nobrega; Plinio P. Morita","2019","International Journal of Environmental Research and Public Health","Enhancing_Bitcoin_Scalability_through_Parallel_Programming_and_Chinese","703039","acf465b7f1690864228e326ed799e436ae062f3cf21f55ef153e8caff4a55318"
"papers/EACMS_Emergency_Access_Control_Management_System_for_Personal_Health_Record_Based_on_Blockchain.pdf","cited_in_manuscripts","10.1109/access.2019.2917976","EACMS: Emergency Access Control Management System for Personal Health Record Based on Blockchain","Ahmed Raza Rajput; Qianmu Li; Milad Taleby Ahvanooey; Isma Masood","2019","IEEE Access","Enhancing_Bitcoin_Scalability_through_Parallel_Programming_and_Chinese","7369466","43a946c61587c7a24f9f5a94393b4d86e47f6a4eaceb2bc540850fda1721c417"
"papers/EdgeMediChain_A_Hybrid_Edge_Blockchain_Based_Framework_for_Health_Data_Exchange.pdf","cited_in_manuscripts","10.1109/access.2020.3003575","EdgeMediChain: A Hybrid Edge Blockchain-Based Framework for Health Data Exchange","Raifa Akkaoui; Xiaojun Hei; Wenqing Cheng","2020","IEEE Access","Enhancing_Bitcoin_Scalability_through_Parallel_Programming_and_Chinese","3031781","d538edba7a4ec6ceb06045030cbbd27b3e926e30c06fbb935124939d8406b917"
"papers/Edge_Computing_Enabled_Smart_Agriculture_Technical_Architectures_Practical_Evolution_and_Bottleneck_Break.pdf","reference_bib","10.3390/s25175302","Edge Computing-Enabled Smart Agriculture: Technical Architectures, Practical Evolution, and Bottleneck Breakthroughs","Gong, Ran and Zhang, Hongyang and Li, Gang and He, Jiamin","2025","Sensors","gong2025edge","2078757","ff6722b2ababc4b5c76cab118fa83a37c44b74e4d20cce785b44829b47345d0e"
"papers/Effects_of_Water_Deficit_on_Growth_Physiology_and_Fruit_Quality_Traits_of_Two_Contrasting_Tomato_Solanum_.pdf","reference_bib","10.3390/agriculture11100927","Effects of Water Deficit on Growth, Physiology and Fruit Quality Traits of Two Contrasting Tomato (Solanum lycopersicum L.) Genotypes","Boukhriss, Monia and Marzouk, Arwa and Cherif, Ines and Gaalich, Badr and Triki, Tarek and Zoghlami, Nihed","2021","Agriculture","mdpi_tunisia_tomato","227446","b57feda3d055c28a1b66fbdc4260659b5b5c693677671c366142d69c76227e87"
"papers/Efficient_Health_Information_Exchange_Automation_System_based_on_Blockchain_and_IPFS.pdf","supplemental_related_oa","","Efficient Health Information Exchange Automation System based on Blockchain and IPFS","","","","related OA search","2703075","7705a239a1958cd684abf87e4b2ebff26d4f322f7fc0f21e54bf4c13fef571c9"
"papers/Enabling_Privacy_Preserving_External_Sharing_of_Electronic_Medical_Records_Through_a_Tripartite_Hybrid_Bl.pdf","supplemental_related_oa","10.38094/jastt7031075","Enabling Privacy-Preserving External Sharing of Electronic Medical Records Through a Tripartite Hybrid Blockchain Architecture","Mohammed Yousif; Omar Alsaffar; Siddeeq Ameen","2026","Journal of Applied Science and Technology Trends","related OA search","886133","886e33d37d748d406c7dfc8cfcefa1fd70d5b35d213f6889885278a79d85364f"
"papers/Enhancing_Electronic_Medical_Records_Privacy_in_Tanzania_A_blockchain_based_framework.pdf","supplemental_related_oa","10.61538/huria.v33i2.2111","Enhancing Electronic Medical Records Privacy in Tanzania: A blockchain-based framework","Happyness Hurdson; Juliana Kamaghe","2026","HURIA JOURNAL OF THE OPEN UNIVERSITY OF TANZANIA","related OA search","505350","b3aca39cba65f7ed99373428ddb0fd272c6ea2df95596d3a2c898b41f5cc0111"
"papers/Evaluation_of_Scalability_and_Resilience_of_Hyperledger_Fabric_in_Blockchain_Implementation_for_Diploma_M.pdf","supplemental_related_oa","10.30871/jaic.v9i3.9262","Evaluation of Scalability and Resilience of Hyperledger Fabric in Blockchain Implementation for Diploma Management","Cahyani Pebriyanti; Galura Muhammad Suranegara","2025","Journal of Applied Informatics and Computing","related OA search","1182082","8d25f9920dad21c664d325c4182f2ccb0bd6e12a85acefe9e4fb9ae406f546ba"
"papers/Evolution_of_Healthcare_Economics_Blockchain_Integration_Amidst_Medicare_Reform.pdf","supplemental_related_oa","","Evolution of Healthcare Economics Blockchain Integration Amidst Medicare Reform","","","","related OA search","482144","26d7de632682c4ac551dfeaa786555d99cc5ed07f3fc41494906a61b71808eda"
"papers/Experimental_Evaluation_of_LoRaWAN_Connectivity_Reliability_in_Remote_Rural_Areas_of_Mozambique.pdf","reference_bib","10.3390/s25196027","Experimental Evaluation of LoRaWAN Connectivity Reliability in Remote Rural Areas of Mozambique","Chapungo, Nelson Jos\'e and Postolache, Octavian","2025","Sensors","chapungo2025lorawan","4914624","8c730595edbe0e023621869e415c84ccc379f1ff9f447549ac695cc0ff749591"
"papers/Experimental_Performance_Analysis_of_a_Scalable_Distributed_Hyperledger_Fabric_for_a_Large_Scale_IoT_Testbed.pdf","reference_bib","10.3390/s22134868","Experimental Performance Analysis of a Scalable Distributed Hyperledger Fabric for a Large-Scale IoT Testbed","Pajooh, Houshyar Honar and Rashid, Mohammad A. and Alam, Fakhrul and Demidenko, Serge","2022","Sensors","tar2023fabric","3934618","59b2959a17a2304ef76f681f120919cd39a2e53a6472c3df3573d09ca1e036e5"
"papers/Experimental_Performance_Comparison_of_Proactive_Routing_Protocols_in_Wireless_Mesh_Network_Using_Raspber.pdf","reference_bib","10.3390/telecom5040051","Experimental Performance Comparison of Proactive Routing Protocols in Wireless Mesh Network Using Raspberry Pi 4","Turlykozhayeva, Dana and Temesheva, S. and Ussipov, N. and Baigaliyeva, A.","2024","Telecom","turlykozhayeva2024proactive","1564386","fd57f390b2be55c36bf200ab58a94e6e363ee4ac83f524f4558c7e35b450fbf8"
"papers/Exploring_security_threats_and_solutions_Techniques_for_Internet_of_Things_IoT_from_vulnerabilities_to_vigilan.pdf","prior_related","10.3389/frai.2024.1397480","Exploring security threats and solutions Techniques for Internet of Things (IoT): from vulnerabilities to vigilance","Swastik Kumar Sahu; Kaushik Mazumdar","2024","Frontiers in Artificial Intelligence","Recommended via topic search: Chinese remainder theorem blockchain cryptography","1396437","9c1a883299c79748f30666d6cc5506bc299331a5a0763f8c2c849024d9d96db5"
"papers/Fertilizers_for_Tomato.pdf","reference_bib","10.1007/s11356-020-10461-4","Fertilizers for Tomato","ICL Growing Solutions","2023","""""","iclTomato","868200","0f3a25cad30f4f981dfbc2c04b6167f22f16a3b8f7bdaaf642c4972c75feb745"
"papers/Fit_for_purpose_challenges_and_opportunities_for_applications_of_blockchain_technology_in_the_future_of_health.pdf","cited_in_manuscripts","10.1186/s12916-019-1296-7","‘Fit-for-purpose?’ – challenges and opportunities for applications of blockchain technology in the future of healthcare","Tim K. Mackey; Tsung-Ting Kuo; Basker Gummadi; Kevin A. Clauson; George Church; Dennis Grishin; Kamal Obbad; Robert Barkovich; Maria Palombini","2019","BMC Medicine","Enhancing_Bitcoin_Scalability_through_Parallel_Programming_and_Chinese","2960659","91056c906e87d3d052a745e82eaa35df6fb553ee19efb5e78896dc9ccdf0f644"
"papers/Framework_for_Enhancing_Interoperability_Data_Exchange_and_Security_in_Healthcare_through_Blockchain_Tech.pdf","supplemental_related_oa","","Framework for Enhancing Interoperability Data Exchange and Security in Healthcare through Blockchain Tech","","","","related OA search","596757","04ae8d16b2691057620fc9cbe56fdfb8abf8937adb745cdf0df0fcac72387710"
"papers/GAHBT_Genetic_Based_Hashing_Algorithm_for_Managing_and_Validating_Health_Data_Integrity_in_Blockchain_Tec.pdf","supplemental_related_oa","","GAHBT Genetic Based Hashing Algorithm for Managing and Validating Health Data Integrity in Blockchain Tec","","","","related OA search","1079937","22e68f1ec7db239554135487a476bbc588a5b37c66c6293091cf237386a6f86a"
"papers/GPT_Generative_Pre_Trained_Transformer_A_Comprehensive_Review_on_Enabling_Technologies_Potential_Applications_.pdf","prior_related","10.1109/access.2024.3389497","GPT (Generative Pre-Trained Transformer)— A Comprehensive Review on Enabling Technologies, Potential Applications, Emerging Challenges, and Future Directions","Gokul Yenduri; M. Ramalingam; G. Chemmalar Selvi; Y. Supriya; Gautam Srivastava; Praveen Kumar Reddy Maddikunta; G. Deepti Raj; Rutvij H. Jhaveri; B. Prabadevi; Weizheng Wang; Athanasios V. Vasilakos; Thippa Reddy Gadekallu","2024","IEEE Access","Recommended via topic search: blockchain healthcare electronic health records privacy","4056606","fdad837feb4397d2238772a89962347f3735bda09f35b9b8c7546b663e5344fd"
"papers/HYBRIDIZING_HENSEL_S_LEMMA_FUNDAMENTAL_THEOREM_OF_ARITHMETIC_AND_CHINESE_REMAINDER_THEOREM_FOR_SOLVING_PO.pdf","supplemental_related_oa","10.30598/barekengvol20iss1pp0853-0864","HYBRIDIZING HENSEL’S LEMMA, FUNDAMENTAL THEOREM OF ARITHMETIC, AND CHINESE REMAINDER THEOREM FOR SOLVING POLYNOMIAL CONGRUENCES","Eka Oktaviansyah; Edi Kurniadi; Dianne Amor Kusuma","2025","BAREKENG: Jurnal Ilmu Matematika dan Terapan","related OA search","517974","6c711b406d89007357566a4842589a75045e5158ecc07fee871a4a0deacfe7d3"
"papers/Harnessing_Blockchain_to_Transform_Healthcare_Data_Management.pdf","supplemental_related_oa","","Harnessing Blockchain to Transform Healthcare Data Management","","","","related OA search","778302","c6e734c3fa431a4c5b8bd4dc79a0d3e6ad7604259626857e14286f32f9d32013"
"papers/Healthcare_Data_Provenance_Using_Distributed_Ledger_Systems.pdf","supplemental_related_oa","","Healthcare Data Provenance Using Distributed Ledger Systems","","","","related OA search","1187777","97332d98980a2b602c6ad3de984ffdca23a6f33d5a968a21a35f3dc941a12584"
"papers/Hybrid_Blockchain_and_Internet_of_Things_Network_for_Underground_Structure_Health_Monitoring.pdf","cited_in_manuscripts","10.3390/s18124268","Hybrid Blockchain and Internet-of-Things Network for Underground Structure Health Monitoring","Byung Wan Jo; Rana Muhammad Asad Khan; Yun-Sung Lee","2018","Sensors","Enhancing_Bitcoin_Scalability_through_Parallel_Programming_and_Chinese","3122102","5b8a858520490782cc818338dc3fe49b5767c22886e50f6460c9e8da5d42fb97"
"papers/Hyperledger_frameworks_with_a_special_focus_on_Hyperledger_Fabric.pdf","supplemental_related_oa","10.5937/vojtehg68-26206","Hyperledger frameworks with a special focus on Hyperledger Fabric","Marija Krstić; Lazar Krstić","2020","Vojnotehnicki glasnik","related OA search","619635","9824d49fe7c4bc01c3d899eb22357d6dcd953ebbf74a0b98b8efeeecbc3dbd59"
"papers/Improved_DAG_in_blockchain_tangle_for_IOTA.pdf","supplemental_related_oa","","Improved DAG in blockchain tangle for IOTA","","","","related OA search","555803","db5916974c551784c38d8f39b46b323cdb7663db3b0a42e886eb280da7e219ac"
"papers/Improving_End_to_End_Traceability_and_Pharma_Supply_Chain_Resilience_with_Blockchain.pdf","supplemental_related_oa","","Improving End to End Traceability and Pharma Supply Chain Resilience with Blockchain","","","","related OA search","2411706","c079545438847ea9e17fa7e24866b4f7d64e712f8c159f43769237b95be9d835"
"papers/Innovative_Blockchain_Based_Approach_for_Sustainable_and_Credible_Environment_in_Food_Trade_A_Case_Study_.pdf","reference_bib","10.3390/su10093149","Innovative Blockchain-Based Approach for Sustainable and Credible Environment in Food Trade: A Case Study in Shandong Province, China","Mao, Dandan and Hao, Zhenning and Wang, Fan and Li, Hao","2018","Sustainability","cui2023ipfsFabric","4151334","7ff9b965db483c64db33aef0a2fe07dde9f508255357866a75c1a0a3785f33e5"
"papers/Integrasi_Blockchain_Hyperledger_Fabric_dan_ERP_untuk_Autentikasi_Kain_Tapis_Lampung.pdf","supplemental_related_oa","10.59025/f8d91baf","Integrasi Blockchain Hyperledger Fabric dan ERP untuk Autentikasi Kain Tapis Lampung","Panji Andhika Pratomo; Tri Sandhika Jaya","2024","Journal of Technology and Data Science","related OA search","571365","a9d538eda67077d9a307eaec62b3c6cd010e270a1a02cb560e5fb2d231f88c09"
"papers/IoT_Based_Smart_Irrigation_Systems_An_Overview_on_the_Recent_Trends_on_Sensors_and_IoT_Systems_for_Irriga.pdf","reference_bib","10.3390/s20041042","IoT-Based Smart Irrigation Systems: An Overview on the Recent Trends on Sensors and IoT Systems for Irrigation in Precision Agriculture","Garc\'ia, Laura and Parra, Lorena and Jimenez, Jose M. and Lloret, Jaime and Lorenz, Pascal","2020","Sensors","singh2019iotSmartIrrigation","7921970","3501de7da32a978575cd36799b49e2952478dfe9ff93216ab34d3684e8e5da92"
"papers/IoT_based_eHealth_using_blockchain_technology_a_survey.pdf","prior_related","10.1007/s10586-024-04357-y","IoT-based eHealth using blockchain technology: a survey","Aya H. Allam; Ibrahim Gomaa; Hala H. Zayed; Mohamed Taha","2024","Cluster Computing","Recommended via topic search: Chinese remainder theorem blockchain cryptography","1756713","6bca735d457bbf25d6dd3660865b34dc4db72e273f10529b7dcaa9d2347ecde7"
"papers/Low_Cost_IoT_Based_Soil_Monitoring_System_Design_and_Accuracy_Assessment.pdf","reference_bib","10.3390/s21237964","Low-Cost IoT-Based Soil Monitoring System: Design and Accuracy Assessment","Molina-Cuevas, Alexander and Quijano-Velasco, William and Guerrero-Gonz\'alez, Antonio","2021","Sensors","agri2024sensorAccuracy","6268979","88f94f2d79dfe0f9537c144c2df340112d758633315747dcdbad80939af90e31"
"papers/Multi_blockchain_architecture_for_judicial_case_management_using_smart_contracts.pdf","cited_in_manuscripts","10.1038/s41598-025-92842-8","Multi blockchain architecture for judicial case management using smart contracts","Tahir Alyas; Qaiser Abbas; Sadia Niazi; Saad Said Alqahtany; Turki Alghamdi; Ali Alzahrani; Nadia Tabassum; Aidarus Mohamed Ibrahim","2025","Scientific Reports","Enhancing_Bitcoin_Scalability_through_Parallel_Programming_and_Chinese","2109069","4edfcb364e402590141a30de07aa2df5ea40c18951a21e8447c2e9371afc71b8"
"papers/Natural_Frequencies_Identification_by_FEM_Applied_to_a_2_DOF_Planar_Robot_and_Its_Validation_Using_MUSIC_Algor.pdf","reference_bib","10.3390/s21041209","Energy-efficient data transmission in wireless sensor networks for precision agriculture","Sanchez, Sergio and Blanc, Sylvie and Yuste, Pedro and Serrano, Juan J.","2021","Sensors","sanchez2021energy","4107528","dbfc23686cc736b81fc76ed2713bc32d2a529a362ff57c3f62a246f7e31b6262"
"papers/Optimal_blocks_for_maximizing_the_transaction_fee_revenue_of_Bitcoin_miners.pdf","cited_in_manuscripts","10.1007/s10878-024-01249-0","Optimal blocks for maximizing the transaction fee revenue of Bitcoin miners","Mohsen Alambardar Meybodi; Amir Goharshady; Mohammad Reza Hooshmandasl; Ali Shakiba","2024","Journal of Combinatorial Optimization","Enhancing_Bitcoin_Scalability_through_Parallel_Programming_and_Chinese","963837","57e57c379f1bbb49436a332e95e76ca03a37be5b0a6ff2298c12cf4e0dce7877"
"papers/Optimizing_Proof_of_Work_for_Secure_Health_Data_Blockchain_Using_Compute_Unified_Device_Architecture.pdf","supplemental_related_oa","","Optimizing Proof of Work for Secure Health Data Blockchain Using Compute Unified Device Architecture","","","","related OA search","1039539","2dd486cc04afc3a2a87cd6003e7f20e892a537af7691c5462c955deea7b8d4b8"
"papers/Performance_Benchmarking_and_Optimizing_Hyperledger_Fabric_Blockchain_Platform.pdf","reference_bib","10.1109/mascots.2018.00034","Performance Benchmarking and Optimizing Hyperledger Fabric Blockchain Platform","Thakkar, Parth and Nathan, Senthil and Vishwanathan, Balaji","2018","2018 IEEE 26th International Symposium on Modeling, Analysis, and Simulation of Computer and Telecommunication Systems (MASCOTS)","dube2024fabricIrrigation","1080777","b68ff2dc07300d4054365b0718932c9018f16747db56f414e408cda9b8cab80c"
"papers/Performance_Benchmarking_of_Hyperledger_Fabric_on_Heterogeneous_Hardware_for_IoT_Applications.pdf","supplemental_related_oa","10.31436/iiumej.v26i3.3610","Performance Benchmarking of Hyperledger Fabric on Heterogeneous Hardware for IoT Applications","Muhammad Muaz Zulkarnain; Nabilah Ramli; Anis Nurashikin Nordin","2025","IIUM Engineering Journal","related OA search","1506189","caed38678c02dfc3ff6071808d8658297e0d34f510ae5016890a9080556ea1a3"
"papers/Performance_Comparison_of_Blockchain_Platforms_for_Modeling_Financial_Transactions_A_Case_Study_of_Ethere.pdf","supplemental_related_oa","10.56225/ijfeb.v4i1.423","Performance Comparison of Blockchain Platforms for Modeling Financial Transactions: A Case Study of Ethereum and Hyperledger Fabric","Dennis Deladem Kwadzode","2025","International Journal of Finance, Economics and Business","related OA search","712134","473dd9944ebd68322490e3cc0bb769e75415176c708df84f1fd9e73044fb87fc"
"papers/Precision_Agriculture_and_Food_Security.pdf","reference_bib","10.1126/science.1183899","Precision agriculture and food security","Gebbers, Robin and Adamchuk, Viacheslav I.","2010","Science","gebbers2010precision","319803","b91ed7a486d7f54f2f766587a05e0b5ef7540e6837b92412927dd3d3c26f467d"
"papers/Privacy_Conflict_Resolution_for_Integrating_Personal_and_Electronic_Health_Records_in_Blockchain_Based_Sy.pdf","supplemental_related_oa","10.30953/bhty.v6.276","Privacy-Conflict Resolution for Integrating Personal- and Electronic Health Records in Blockchain-Based Systems","Aleksandr Kormiltsyn; Vimal Dwivedi; Chibuzor Udokwu; Alex Norta","2023","Blockchain in Healthcare Today","related OA search","5138153","7bb16ef80c84b2a9a87843891819dd67303682939d4e3e88fd15f4acba09c669"
"papers/Research_and_application_of_Chinese_remainder_theorem.pdf","cited_in_manuscripts","10.54254/2753-8818/9/20240711","Research and application of Chinese remainder theorem","Qinnan Luo","2023","Theoretical and Natural Science","Enhancing_Bitcoin_Scalability_through_Parallel_Programming_and_Chinese","2277244","75b16709815fe6e6b16c95fa56bc723c51378a2a49451989d5972a6bee5d534f"
"papers/Reversible_data_hiding_in_encrypted_images_using_chaos_theory_and_Chinese_Remainder_Theorem.pdf","supplemental_related_oa","10.1007/s10044-025-01495-w","Reversible data hiding in encrypted images using chaos theory and Chinese Remainder Theorem","Erdem Yavuz","2025","Pattern Analysis and Applications","related OA search","10518606","65fb0ddbca20ef1cce0275641a0fe3742cd36bbd13d4031c91823c7d68deefe6"
"papers/Scalability_Performance_Analysis_of_Blockchain_Using_Hierarchical_Model_in_Healthcare.pdf","supplemental_related_oa","10.30953/bhty.v7.295","Scalability Performance Analysis of Blockchain Using Hierarchical Model in Healthcare","Lipsa Sadath, MSc, MCA; Deepti Mehrotra; Anand Kumar","2024","Blockchain in Healthcare Today","related OA search","2765111","de6501664276e045d5f4f24c51e7938626777ace76ae59635422abfe4ccba1bc"
"papers/Scalability_Solutions_in_Blockchain_Supported_Manufacturing_A_Survey.pdf","supplemental_related_oa","","Scalability Solutions in Blockchain Supported Manufacturing A Survey","","","","related OA search","1240552","35adc2b1e89d3f0e5662d497e58dc9abf15fc7e28133205c3c32114759ed78fb"
"papers/Security_and_Privacy_for_Green_IoT_Based_Agriculture_Review_Blockchain_Solutions_and_Challenges.pdf","reference_bib","10.1109/access.2020.2973178","Security and Privacy for Green IoT-Based Agriculture: Review, Blockchain Solutions, and Challenges","Ferrag, Mohamed Amine and Shu, Lei and Yang, Xianjun and Derhab, Abdelouahid and Maglaras, Leandros","2020","IEEE Access","perez2022iotBlockchainCase","6150153","c61d79d16a31152b89c7f5c52ee1d258ad7810e9f04ea02a2a7090acd0f8ecb7"
"papers/Security_of_the_Secp256k1_Elliptic_Curve_used_in_the_Bitcoin_Blockchain.pdf","cited_in_manuscripts","10.54105/ijcns.a1426.04010524","Security of the Secp256k1 Elliptic Curve used in the Bitcoin Blockchain","; Dr. Kannan Balasubramanian","2024","Indian Journal of Cryptography and Network Security","Enhancing_Bitcoin_Scalability_through_Parallel_Programming_and_Chinese","323370","86cfb5055a26ac4a3431d9f1d1bc06ff4d54de74bf4e241ab2db7c04959d2296"
"papers/Segmenting_Bitcoin_Transactions_for_Price_Movement_Prediction.pdf","cited_in_manuscripts","10.3390/jrfm17030128","Segmenting Bitcoin Transactions for Price Movement Prediction","Yuxin Zhang; Rajiv Garg; Linda L. Golden; Patrick L. Brockett; Ajit Sharma","2024","Journal of Risk and Financial Management","Enhancing_Bitcoin_Scalability_through_Parallel_Programming_and_Chinese","805097","9907690ccc939676a16dfe2358db03dce3c9c073efc0a9ba496311d5030374fb"
"papers/Smart_Sensors_and_Smart_Data_for_Precision_Agriculture_A_Review.pdf","prior_related","10.3390/s24082647","Smart Sensors and Smart Data for Precision Agriculture: A Review","Abdellatif Soussi; Enrico Zero; Roberto Sacile; Daniele Trinchero; Marco Fossa","2024","Sensors","Recommended via topic search: blockchain smart agriculture IoT traceability","2290465","3afb61e668ef670eff8ea85cef1bf2c35e7a66582f3215b8dbeda33c7f9b9dd4"
"papers/Smart_agriculture_5_0_blockchain_and_reinforcement_learning_synergy_for_multicropping_optimization_and_tr.pdf","reference_bib","10.3389/fbloc.2026.1766232","Smart agriculture 5.0: blockchain and reinforcement learning synergy for multicropping optimization and traceable IoT-enabled supply chains","Jagan Mohan, R. N. V. and Rayanoothala, P. S. Pravallika Sree and Praneetha Sree, R. P. R.","2026","Frontiers in Blockchain","suleiman2025agriculture5","3306419","dcb4967d5f38854b65b60a5ec7b3aad8f834c68b93ee242395bfe05bd8489062"
"papers/Smart_agriculture_resource_allocation_and_energy_optimization_using_bidirectional_long_short_term_memory_with_.pdf","reference_bib","10.3389/frcmn.2025.1587402","Smart agriculture resource allocation and energy optimization using bidirectional long short-term memory with ant colony optimization (Bi-LSTM--ACO)","Rathi, M. and Gomathy, C.","2025","Frontiers in Communications and Networks","labor2025smartplantation","1707483","a3d6716ff63a60807970419068e579b869f0cef7a94f0dc90791b0454085b8c0"
"papers/Supply_Chain_Transparency_Exploring_Blockchain_Solutions_for_Enhanced_Traceability_and_Efficiency.pdf","supplemental_related_oa","","Supply Chain Transparency Exploring Blockchain Solutions for Enhanced Traceability and Efficiency","","","","related OA search","381114","ce6a44ba84197f703e96bb3576469fd96233351e471056067c80fb3b4f403653"
"papers/Techniques_to_improve_5G_blockchain_scalability_issues_through_an_analysis_of_a_blockchain_scalability.pdf","supplemental_related_oa","10.59461/ijdiic.v3i4.134","Techniques to improve 5G blockchain scalability issues through an analysis of a blockchain scalability","Umar Danjuma Maiwada; Muhammad Muntassir Yakubu; Abubakar Danjuma Maiwada; Jameel Shehu Yalli; Izaddeen Kabir Yakasai","2024","International Journal of Data Informatics and Intelligent Computing","related OA search","1173685","5cf8939d334b807e95c69a4a62266c655d80983f30c9b0df9ff390552e3b26c1"
"papers/The_Emerging_Role_of_Blockchain_Technology_Applications_in_Routine_Disease_Surveillance_Systems_to_Strengthen_.pdf","cited_in_manuscripts","10.3390/bdcc3020025","The Emerging Role of Blockchain Technology Applications in Routine Disease Surveillance Systems to Strengthen Global Health Security","Vijay Kumar Chattu; Anjali Nanda; Soosanna Kumary Chattu; Syed Manzoor Kadri; Andy W Knight","2019","Big Data and Cognitive Computing","Enhancing_Bitcoin_Scalability_through_Parallel_Programming_and_Chinese","1281831","ef00876a3c55c4320aa10d94cff170f32fe0382d73874283697033ea90419e1a"
"papers/The_Future_of_Food.pdf","prior_related","10.3390/foods13040506","The Future of Food","Charis M. Galanakis","2024","Foods","Recommended via topic search: blockchain smart agriculture IoT traceability","1418521","40a4fa1546842ba1e8fd9dd1b1c3541da7f575a371c184d61c3592e72d6ce106"
"papers/The_Rise_of_Blockchain_Technology_in_Agriculture_and_Food_Supply_Chains.pdf","reference_bib","10.1016/j.tifs.2019.07.034","The Rise of Blockchain Technology in Agriculture and Food Supply Chains","Kamilaris, Andreas and Fonts, Agusti and Prenafeta-Bold\'u, Francesc X.","2019","Trends in Food Science \& Technology","xu2019survey","816138","b83a6bb8c04ccade3f641d5e33f15a158ff9c65aca728efa2b8d28807dbad26d"
"papers/The_Role_of_Blockchain_Technology_in_Promoting_Traceability_Systems_in_Agri_Food_Production_and_Supply_Chains.pdf","reference_bib","10.3390/s23115342","The Role of Blockchain Technology in Promoting Traceability Systems in Agri-Food Production and Supply Chains","Bosona, Techane and Gebresenbet, Girma","2023","Sensors","oh2025foodsafety","1110130","43300fd1892b99deacd1dd9a32c0553c5904a007717b09d084d38b98a0f56ba7"
"papers/Transforming_Healthcare_Data_Management_A_Blockchain_Based_Cloud_EHR_System_for_Enhanced_Security_and_Int.pdf","supplemental_related_oa","","Transforming Healthcare Data Management A Blockchain Based Cloud EHR System for Enhanced Security and Int","","","","related OA search","576468","d07e69d5f998d33947639c97318869cd705fd3d573a11546b2dca62a985b2240"
"papers/Understanding_the_limits_of_LoRaWAN.pdf","reference_bib","10.1109/mcom.2017.1600613","Understanding the limits of LoRaWAN","Adelantado, Ferran and Vilajosana, Xavier and Tuset-Peiro, Pere and Martinez, Borja and Melia-Segui, Joan and Watteyne, Thomas","2017","IEEE Communications Magazine","adelantado2017understanding","226913","8b30bb549f52731beff49664740713b2f5dcb96c09635e078261ad141fea12da"
"papers/Unlocking_Blockchain_UTXO_Transactional_Patterns_and_Their_Effect_on_Storage_and_Throughput_Trade_Offs.pdf","cited_in_manuscripts","10.3390/computers13060146","Unlocking Blockchain UTXO Transactional Patterns and Their Effect on Storage and Throughput Trade-Offs","David Melo; Saúl Eduardo Pomares-Hernández; Lil María Xibai Rodríguez-Henríquez; Julio César Pérez-Sansalvador","2024","Computers","Enhancing_Bitcoin_Scalability_through_Parallel_Programming_and_Chinese","808305","e1cea73a31a41c5f7b5c82ec0e65609072218feef713ba05d0000fb72bd982cd"
"papers/Using_Blockchain_for_Electronic_Health_Records.pdf","cited_in_manuscripts","10.1109/access.2019.2946373","Using Blockchain for Electronic Health Records","Ayesha Shahnaz; Usman Qamar; Ayesha Khalid","2019","IEEE Access","Enhancing_Bitcoin_Scalability_through_Parallel_Programming_and_Chinese","4872269","2a1f5d81cfc4245046adb1d662e39d9a2e4ef0decc4f946807552e225f2916f2"
"papers/Using_Deep_Learning_for_Image_Based_Plant_Disease_Detection.pdf","reference_bib","10.3389/fpls.2016.01419","Using deep learning for image-based plant disease detection","Mohanty, Sharada P. and Hughes, David P. and Salathé, Marcel","2016","Frontiers in Plant Science","mohanty2016using","3260684","151ce25d20f26400993ccb2d58a6444cd40453c74d9725a3973a3a857371e532"
"papers/Voice_Biometrics_and_Blockchain_Secure_Interoperable_Data_Exchange_for_Healthcare.pdf","supplemental_related_oa","","Voice Biometrics and Blockchain Secure Interoperable Data Exchange for Healthcare","","","","related OA search","287952","4fe72112ff70d3c6581507dd1dfe5fa9e1c6f4568b84af8761457cd83c3604e7"
