category,doi,status,title,authors,year,venue,publisher,type,cited_by,sources,doi_url,oa_pdf_url,downloaded,file
"cited_reference","10.1002/cpe.5479","verified","A blockchain‐based architecture for securing electronic health record systems","Guang Yang; Chunlei Li; Kjell E. Marstein","2019","Concurrency and Computation: Practice and Experience","Wiley","journal-article","37","Enhancing_Bitcoin_Scalability_through_Parallel_Programming_and_Chinese","https://doi.org/10.1002/cpe.5479","https://onlinelibrary.wiley.com/doi/pdfdirect/10.1002/cpe.5479","no",""
"cited_reference","10.1007/978-","malformed_or_incomplete","","","","","","","","Enhancing_Bitcoin_Scalability_through_Parallel_Programming_and_Chinese","https://doi.org/10.1007/978-","","no",""
"cited_reference","10.1007/978-3-030-12719-0_8","verified","Applying Blockchain and Artificial Intelligence to Digital Health","Dragos Ilinca","2019","Health Informatics","Springer International Publishing","book-chapter","4","Enhancing_Bitcoin_Scalability_through_Parallel_Programming_and_Chinese","https://doi.org/10.1007/978-3-030-12719-0_8","","no",""
"cited_reference","10.1007/978-981-15-5566-4_34","verified","Blockchain Technology: Consensus Protocol Proof of Work and Proof of Stake","B. Sriman; S. Ganesh Kumar; P. Shamili","2020","Advances in Intelligent Systems and Computing","Springer Singapore","book-chapter","91","Enhancing_Bitcoin_Scalability_through_Parallel_Programming_and_Chinese","https://doi.org/10.1007/978-981-15-5566-4_34","","no",""
"cited_reference","10.1007/s00521-018-3915-1","verified","RETRACTED ARTICLE: Securing e-health records using keyless signature infrastructure blockchain technology in the cloud","Gayathri Nagasubramanian; Rakesh Kumar Sakthivel; Rizwan Patan; Amir H. Gandomi; Muthuramalingam Sankayya; Balamurugan Balusamy","2018","Neural Computing and Applications","Springer Science and Business Media LLC","journal-article","143","Enhancing_Bitcoin_Scalability_through_Parallel_Programming_and_Chinese","https://doi.org/10.1007/s00521-018-3915-1","","no",""
"cited_reference","10.1007/s10878-024-01249-0","verified","Optimal blocks for maximizing the transaction fee revenue of Bitcoin miners","Mohsen Alambardar Meybodi; Amir Goharshady; Mohammad Reza Hooshmandasl; Ali Shakiba","2024","Journal of Combinatorial Optimization","Springer Science and Business Media LLC","journal-article","4","Enhancing_Bitcoin_Scalability_through_Parallel_Programming_and_Chinese","https://doi.org/10.1007/s10878-024-01249-0","https://link.springer.com/content/pdf/10.1007/s10878-024-01249-0.pdf","yes","papers/Optimal_blocks_for_maximizing_the_transaction_fee_revenue_of_Bitcoin_miners.pdf"
"cited_reference","10.1016/j.adhoc.2025.104059","verified","A blockchain-integrated PUF framework for secure authentication and communication","Koustav Kumar Mondal; Debasis Das; Arpit Khandelwal","2026","Ad Hoc Networks","Elsevier BV","journal-article","2","project with reviewers updates ok ok (1)","https://doi.org/10.1016/j.adhoc.2025.104059","","no",""
"cited_reference","10.1016/j.agwat.2010","not_resolved","","","","","","","","project with reviewers updates ok ok (1)","https://doi.org/10.1016/j.agwat.2010","","no",""
"cited_reference","10.1016/j.comnet.2020.107344","verified","Cloud based security on outsourcing using blockchain in E-health systems","T. Benil; J. Jasper","2020","Computer Networks","Elsevier BV","journal-article","91","Enhancing_Bitcoin_Scalability_through_Parallel_Programming_and_Chinese","https://doi.org/10.1016/j.comnet.2020.107344","","no",""
"cited_reference","10.1016/j.compag","malformed_or_incomplete","","","","","","","","paper version 1 to upload for report | project with reviewers updates ok ok (1)","https://doi.org/10.1016/j.compag","","no",""
"cited_reference","10.1016/j.compag.2005.09.003","verified","Wireless sensors in agriculture and food industry—Recent development and future perspective","Ning Wang; Naiqian Zhang; Maohua Wang","2006","Computers and Electronics in Agriculture","Elsevier BV","journal-article","776","paper version 1 to upload for report | project with reviewers updates ok ok (1)","https://doi.org/10.1016/j.compag.2005.09.003","","no",""
"cited_reference","10.1016/j.compag.2018.05.012","verified","Machine learning approaches for crop yield prediction and nitrogen status estimation in precision agriculture: A review","Anna Chlingaryan; Salah Sukkarieh; Brett Whelan","2018","Computers and Electronics in Agriculture","Elsevier BV","journal-article","1383","paper version 1 to upload for report","https://doi.org/10.1016/j.compag.2018.05.012","","no",""
"cited_reference","10.1016/j.compag.2018.09.040","verified","An IoT based smart irrigation management system using Machine learning and open source technologies","Amarendra Goap; Deepak Sharma; A.K. Shukla; C. Rama Krishna","2018","Computers and Electronics in Agriculture","Elsevier BV","journal-article","574","paper version 1 to upload for report","https://doi.org/10.1016/j.compag.2018.09.040","","no",""
"cited_reference","10.1016/j.compag.2020.105709","verified","Crop yield prediction using machine learning: A systematic literature review","Thomas van Klompenburg; Ayalew Kassahun; Cagatay Catal","2020","Computers and Electronics in Agriculture","Elsevier BV","journal-article","1613","paper version 1 to upload for report","https://doi.org/10.1016/j.compag.2020.105709","https://www.sciencedirect.com/science/article/pii/S0168169920302301/pdf","no",""
"cited_reference","10.1016/j.jbi.2014.06.002","verified","Publishing data from electronic health records while preserving privacy: A survey of algorithms","Aris Gkoulalas-Divanis; Grigorios Loukides; Jimeng Sun","2014","Journal of Biomedical Informatics","Elsevier BV","journal-article","155","Enhancing_Bitcoin_Scalability_through_Parallel_Programming_and_Chinese","https://doi.org/10.1016/j.jbi.2014.06.002","https://www.sciencedirect.com/science/article/pii/S1532046414001403/pdf","no",""
"cited_reference","10.1016/j.jbi.2019.103140","verified","Analyzing the performance of a blockchain-based personal health record implementation","Alex Roehrs; Cristiano André da Costa; Rodrigo da Rosa Righi; Valter Ferreira da Silva; José Roberto Goldim; Douglas C. Schmidt","2019","Journal of Biomedical Informatics","Elsevier BV","journal-article","143","Enhancing_Bitcoin_Scalability_through_Parallel_Programming_and_Chinese","https://doi.org/10.1016/j.jbi.2019.103140","https://www.sciencedirect.com/science/article/pii/S1532046419300589/pdf","no",""
"cited_reference","10.1016/j.jhydrol.2007.06.032","verified","Evaluation of a low-cost soil water content sensor for wireless network applications","H.R. Bogena; J.A. Huisman; C. Oberdörster; H. Vereecken","2007","Journal of Hydrology","Elsevier BV","journal-article","313","paper version 1 to upload for report | project with reviewers updates ok ok (1)","https://doi.org/10.1016/j.jhydrol.2007.06.032","","no",""
"cited_reference","10.1016/j.jii.2018.01.005","verified","5G Internet of Things: A survey","Shancang Li; Li Da Xu; Shanshan Zhao","2018","Journal of Industrial Information Integration","Elsevier BV","journal-article","795","paper version 1 to upload for report | project with reviewers updates ok ok (1)","https://doi.org/10.1016/j.jii.2018.01.005","http://eprints.uwe.ac.uk/34737/1/IoT5m.pdf","no",""
"cited_reference","10.1016/j.matpr","malformed_or_incomplete","","","","","","","","paper version 1 to upload for report | project with reviewers updates ok ok (1)","https://doi.org/10.1016/j.matpr","","no",""
"cited_reference","10.1016/j.matpr.2021.06.253","verified","A review on different types of material joints fabricated by microwave hybrid heating method","Parminder Singh; D.R. Prajapati; Shankar Sehgal","2022","Materials Today: Proceedings","Elsevier BV","journal-article","8","project with reviewers updates ok ok (1)","https://doi.org/10.1016/j.matpr.2021.06.253","","no",""
"cited_reference","10.1016/j.procs.2019.11.088","verified","Data exchanges based on blockchain in m-Health applications","Antonio Clim; Răzvan Daniel Zota; Radu Constantinescu","2019","Procedia Computer Science","Elsevier BV","journal-article","40","Enhancing_Bitcoin_Scalability_through_Parallel_Programming_and_Chinese","https://doi.org/10.1016/j.procs.2019.11.088","https://www.sciencedirect.com/science/article/pii/S1877050919317892/pdf","no",""
"cited_reference","10.1016/j.procs.2020.06.021","verified","Preserving the Privacy of Electronic Health Records using Blockchain","Yogesh Sharma; B. Balamurugan","2020","Procedia Computer Science","Elsevier BV","journal-article","117","Enhancing_Bitcoin_Scalability_through_Parallel_Programming_and_Chinese","https://doi.org/10.1016/j.procs.2020.06.021","","no",""
"cited_reference","10.1016/j.tifs.2019.07.034","verified","The rise of blockchain technology in agriculture and food supply chains","Andreas Kamilaris; Agusti Fonts; Francesc X. Prenafeta-Boldύ","2019","Trends in Food Science &amp; Technology","Elsevier BV","journal-article","1074","paper version 1 to upload for report | project with reviewers updates ok ok (1)","https://doi.org/10.1016/j.tifs.2019.07.034","","no",""
"cited_reference","10.1016/j.trac.2018.08.011","verified","Future challenges on the use of blockchain for food traceability analysis","Juan F. Galvez; J.C. Mejuto; J. Simal-Gandara","2018","TrAC Trends in Analytical Chemistry","Elsevier BV","journal-article","784","paper version 1 to upload for report | project with reviewers updates ok ok (1)","https://doi.org/10.1016/j.trac.2018.08.011","","no",""
"cited_reference","10.1016/s0065-2113(08)60513-1","verified","Aspects of Precision Agriculture","Francis J. Pierce; Peter Nowak","1999","Advances in Agronomy","Elsevier","book-chapter","500","paper version 1 to upload for report | project with reviewers updates ok ok (1)","https://doi.org/10.1016/s0065-2113(08)60513-1","","no",""
"cited_reference","10.1016/s0168-1699(02)00096-0","verified","Precision agriculture—a worldwide overview","Naiqian Zhang; Maohua Wang; Ning Wang","2002","Computers and Electronics in Agriculture","Elsevier BV","journal-article","979","paper version 1 to upload for report | project with reviewers updates ok ok (1)","https://doi.org/10.1016/s0168-1699(02)00096-0","","no",""
"cited_reference","10.1038/s41598-025-92842-8","verified","Multi blockchain architecture for judicial case management using smart contracts","Tahir Alyas; Qaiser Abbas; Sadia Niazi; Saad Said Alqahtany; Turki Alghamdi; Ali Alzahrani; Nadia Tabassum; Aidarus Mohamed Ibrahim","2025","Scientific Reports","Springer Science and Business Media LLC","journal-article","13","Enhancing_Bitcoin_Scalability_through_Parallel_Programming_and_Chinese","https://doi.org/10.1038/s41598-025-92842-8","https://www.nature.com/articles/s41598-025-92842-8.pdf","yes","papers/Multi_blockchain_architecture_for_judicial_case_management_using_smart_contracts.pdf"
"cited_reference","10.1089/omi.2020.0045","verified","Blockchain for Digital Health: Prospects and Challenges","Nikolaos Evangelatos; Vural Özdemir; Angela Brand","2020","OMICS: A Journal of Integrative Biology","SAGE Publications","journal-article","12","Enhancing_Bitcoin_Scalability_through_Parallel_Programming_and_Chinese","https://doi.org/10.1089/omi.2020.0045","","no",""
"cited_reference","10.1093/comjnl/bxp118","verified","A Necessary and Sufficient Condition for the Liveness of Normal Nets","G. Liu; C. Jiang; D. Y. Chao","2009","The Computer Journal","Oxford University Press (OUP)","journal-article","12","project with reviewers updates ok ok (1)","https://doi.org/10.1093/comjnl/bxp118","","no",""
"cited_reference","10.1093/jamia/ocx068","verified","Blockchain distributed ledger technologies for biomedical and health care applications","Tsung-Ting Kuo; Hyeon-Eui Kim; Lucila Ohno-Machado","2017","Journal of the American Medical Informatics Association","Oxford University Press (OUP)","journal-article","1132","Enhancing_Bitcoin_Scalability_through_Parallel_Programming_and_Chinese","https://doi.org/10.1093/jamia/ocx068","https://academic.oup.com/jamia/article-pdf/24/6/1211/34149246/ocx068.pdf","no",""
"cited_reference","10.1093/jamia/ocy185","verified","Comparison of blockchain platforms: a systematic review and healthcare examples","Tsung-Ting Kuo; Hugo Zavaleta Rojas; Lucila Ohno-Machado","2019","Journal of the American Medical Informatics Association","Oxford University Press (OUP)","journal-article","239","Enhancing_Bitcoin_Scalability_through_Parallel_Programming_and_Chinese","https://doi.org/10.1093/jamia/ocy185","https://academic.oup.com/jamia/article-pdf/26/5/462/34946373/ocy185.pdf","no",""
"cited_reference","10.1109/40","malformed_or_incomplete","","","","","","","","paper version 1 to upload for report | project with reviewers updates ok ok (1)","https://doi.org/10.1109/40","","no",""
"cited_reference","10.1109/40.877952","verified","The design space of register renaming techniques","D. Sima","2000","IEEE Micro","Institute of Electrical and Electronics Engineers (IEEE)","journal-article","51","project with reviewers updates ok ok (1)","https://doi.org/10.1109/40.877952","","no",""
"cited_reference","10.1109/access.2017.doi","malformed_or_incomplete","","","","","","","","Enhancing_Bitcoin_Scalability_through_Parallel_Programming_and_Chinese","https://doi.org/10.1109/access.2017.doi","","no",""
"cited_reference","10.1109/access.2019.2904300","verified","An Efficient Authentication Scheme for Blockchain-Based Electronic Health Records","Fei Tang; Shuai Ma; Yong Xiang; Changlu Lin","2019","IEEE Access","Institute of Electrical and Electronics Engineers (IEEE)","journal-article","135","Enhancing_Bitcoin_Scalability_through_Parallel_Programming_and_Chinese","https://doi.org/10.1109/access.2019.2904300","https://ieeexplore.ieee.org/ielx7/6287639/8600701/08666709.pdf","yes","papers/An_Efficient_Authentication_Scheme_for_Blockchain_Based_Electronic_Health_Records.pdf"
"cited_reference","10.1109/access.2019.2917555","verified","Blockchain for Secure EHRs Sharing of Mobile Cloud Based E-Health Systems","Dinh C. Nguyen; Pubudu N. Pathirana; Ming Ding; Aruna Seneviratne","2019","IEEE Access","Institute of Electrical and Electronics Engineers (IEEE)","journal-article","495","Enhancing_Bitcoin_Scalability_through_Parallel_Programming_and_Chinese","https://doi.org/10.1109/access.2019.2917555","https://ieeexplore.ieee.org/ielx7/6287639/8600701/08717579.pdf","yes","papers/Blockchain_for_Secure_EHRs_Sharing_of_Mobile_Cloud_Based_E_Health_Systems.pdf"
"cited_reference","10.1109/access.2019.2917976","verified","EACMS: Emergency Access Control Management System for Personal Health Record Based on Blockchain","Ahmed Raza Rajput; Qianmu Li; Milad Taleby Ahvanooey; Isma Masood","2019","IEEE Access","Institute of Electrical and Electronics Engineers (IEEE)","journal-article","143","Enhancing_Bitcoin_Scalability_through_Parallel_Programming_and_Chinese","https://doi.org/10.1109/access.2019.2917976","https://ieeexplore.ieee.org/ielx7/6287639/8600701/08718607.pdf","yes","papers/EACMS_Emergency_Access_Control_Management_System_for_Personal_Health_Record_Based_on_Blockchain.pdf"
"cited_reference","10.1109/access.2019.2931531","verified","Blockchain-Based Personal Health Records Sharing Scheme With Data Integrity Verifiable","Shangping Wang; Dan Zhang; Yaling Zhang","2019","IEEE Access","Institute of Electrical and Electronics Engineers (IEEE)","journal-article","107","Enhancing_Bitcoin_Scalability_through_Parallel_Programming_and_Chinese","https://doi.org/10.1109/access.2019.2931531","https://ieeexplore.ieee.org/ielx7/6287639/8600701/08778648.pdf","yes","papers/Blockchain_Based_Personal_Health_Records_Sharing_Scheme_With_Data_Integrity_Verifiable.pdf"
"cited_reference","10.1109/access.2019.2946373","verified","Using Blockchain for Electronic Health Records","Ayesha Shahnaz; Usman Qamar; Ayesha Khalid","2019","IEEE Access","Institute of Electrical and Electronics Engineers (IEEE)","journal-article","500","Enhancing_Bitcoin_Scalability_through_Parallel_Programming_and_Chinese","https://doi.org/10.1109/access.2019.2946373","https://ieeexplore.ieee.org/ielx7/6287639/8600701/08863359.pdf","yes","papers/Using_Blockchain_for_Electronic_Health_Records.pdf"
"cited_reference","10.1109/access.2020","not_resolved","","","","","","","","Enhancing_Bitcoin_Scalability_through_Parallel_Programming_and_Chinese | paper version 1 to upload for report | project with reviewers updates ok ok (1)","https://doi.org/10.1109/access.2020","","no",""
"cited_reference","10.1109/access.2020.2973178","verified","Security and Privacy for Green IoT-Based Agriculture: Review, Blockchain Solutions, and Challenges","Mohamed Amine Ferrag; Lei Shu; Xing Yang; Abdelouahid Derhab; Leandros Maglaras","2020","IEEE Access","Institute of Electrical and Electronics Engineers (IEEE)","journal-article","388","project with reviewers updates ok ok (1)","https://doi.org/10.1109/access.2020.2973178","https://ieeexplore.ieee.org/ielx7/6287639/8948470/08993722.pdf","yes","papers/Security_and_Privacy_for_Green_IoT_Based_Agriculture_Review_Blockchain_Solutions_and_Challenges.pdf"
"cited_reference","10.1109/access.2020.3003575","verified","EdgeMediChain: A Hybrid Edge Blockchain-Based Framework for Health Data Exchange","Raifa Akkaoui; Xiaojun Hei; Wenqing Cheng","2020","IEEE Access","Institute of Electrical and Electronics Engineers (IEEE)","journal-article","160","Enhancing_Bitcoin_Scalability_through_Parallel_Programming_and_Chinese","https://doi.org/10.1109/access.2020.3003575","https://ieeexplore.ieee.org/ielx7/6287639/8948470/09121216.pdf","yes","papers/EdgeMediChain_A_Hybrid_Edge_Blockchain_Based_Framework_for_Health_Data_Exchange.pdf"
"cited_reference","10.1109/access.2021.3129552","not_resolved","","","","","","","","paper version 1 to upload for report | project with reviewers updates ok ok (1)","https://doi.org/10.1109/access.2021.3129552","","no",""
"cited_reference","10.1109/access.2022.3142563","not_resolved","","","","","","","","paper version 1 to upload for report | project with reviewers updates ok ok (1)","https://doi.org/10.1109/access.2022.3142563","","no",""
"cited_reference","10.1109/access.2024.3352738","verified","Blockchain-Based Framework for Traffic Event Verification in Smart Vehicles","Francisco A. Pujol; Higinio Mora; Tamai Ramírez; Carlos Rocamora; Arturo Bedón","2024","IEEE Access","Institute of Electrical and Electronics Engineers (IEEE)","journal-article","17","Enhancing_Bitcoin_Scalability_through_Parallel_Programming_and_Chinese","https://doi.org/10.1109/access.2024.3352738","https://ieeexplore.ieee.org/ielx7/6287639/6514899/10388304.pdf","yes","papers/Blockchain_Based_Framework_for_Traffic_Event_Verification_in_Smart_Vehicles.pdf"
"cited_reference","10.1109/ccnc.2010.5421784","verified","Design Issues of the prTorrent File Sharing Protocol","Suman Deb Roy; Tyler Knierim; Shanieka Churchman; Wenjun Zeng","2010","2010 7th IEEE Consumer Communications and Networking Conference","IEEE","proceedings-article","0","paper version 1 to upload for report | project with reviewers updates ok ok (1)","https://doi.org/10.1109/ccnc.2010.5421784","","no",""
"cited_reference","10.1109/com-it-con54601.2022.9850714","verified","Role of Zero-Knowledge Proof in Blockchain Security","Shobha Tyagi; Madhumita Kathuria","2022","2022 International Conference on Machine Learning, Big Data, Cloud and Parallel Computing (COM-IT-CON)","IEEE","proceedings-article","9","Enhancing_Bitcoin_Scalability_through_Parallel_Programming_and_Chinese","https://doi.org/10.1109/com-it-con54601.2022.9850714","","no",""
"cited_reference","10.1109/csnet.2017.8241988","verified","Bitcoin transaction: From the creation to validation, a protocol overview","Valentin Vallois; Fouad Amine Guenane","2017","2017 1st Cyber Security in Networking Conference (CSNet)","IEEE","proceedings-article","20","Enhancing_Bitcoin_Scalability_through_Parallel_Programming_and_Chinese","https://doi.org/10.1109/csnet.2017.8241988","","no",""
"cited_reference","10.1109/dsn.2014.43","verified","State Machine Replication for the Masses with BFT-SMART","Alysson Bessani; Joao Sousa; Eduardo E.P. Alchieri","2014","2014 44th Annual IEEE/IFIP International Conference on Dependable Systems and Networks","IEEE","proceedings-article","391","paper version 1 to upload for report","https://doi.org/10.1109/dsn.2014.43","","no",""
"cited_reference","10.1109/hicss.2000.926982","verified","Energy-efficient communication protocol for wireless microsensor networks","W.R. Heinzelman; A. Chandrakasan; H. Balakrishnan","","Proceedings of the 33rd Annual Hawaii International Conference on System Sciences","IEEE Comput. Soc","proceedings-article","7432","paper version 1 to upload for report | project with reviewers updates ok ok (1)","https://doi.org/10.1109/hicss.2000.926982","","no",""
"cited_reference","10.1109/icdcece65353","malformed_or_incomplete","","","","","","","","project with reviewers updates ok ok (1)","https://doi.org/10.1109/icdcece65353","","no",""
"cited_reference","10.1109/icsssm","malformed_or_incomplete","","","","","","","","paper version 1 to upload for report | project with reviewers updates ok ok (1)","https://doi.org/10.1109/icsssm","","no",""
"cited_reference","10.1109/iot.2025.11089136","not_resolved","","","","","","","","paper version 1 to upload for report","https://doi.org/10.1109/iot.2025.11089136","","no",""
"cited_reference","10.1109/itme.2018.00186","verified","i-Blockchain: A Blockchain-Empowered Individual-Centric Framework for Privacy-Preserved Use of Personal Health Data","Kenichi Ito; Kiichi Tago; Qun Jin","2018","2018 9th International Conference on Information Technology in Medicine and Education (ITME)","IEEE","proceedings-article","23","Enhancing_Bitcoin_Scalability_through_Parallel_Programming_and_Chinese","https://doi.org/10.1109/itme.2018.00186","","no",""
"cited_reference","10.1109/jiot.2019.2923525","verified","Healthchain: A Blockchain-Based Privacy Preserving Scheme for Large-Scale Health Data","Jie Xu; Kaiping Xue; Shaohua Li; Hangyu Tian; Jianan Hong; Peilin Hong; Nenghai Yu","2019","IEEE Internet of Things Journal","Institute of Electrical and Electronics Engineers (IEEE)","journal-article","384","Enhancing_Bitcoin_Scalability_through_Parallel_Programming_and_Chinese","https://doi.org/10.1109/jiot.2019.2923525","","no",""
"cited_reference","10.1109/jiot.2019.2948888","verified","A Comprehensive Survey on Internet of Things (IoT) Toward 5G Wireless Systems","Lalit Chettri; Rabindranath Bera","2020","IEEE Internet of Things Journal","Institute of Electrical and Electronics Engineers (IEEE)","journal-article","1548","paper version 1 to upload for report | project with reviewers updates ok ok (1)","https://doi.org/10.1109/jiot.2019.2948888","","no",""
"cited_reference","10.1109/jiot.2020.2977767","not_resolved","","","","","","","","paper version 1 to upload for report | project with reviewers updates ok ok (1)","https://doi.org/10.1109/jiot.2020.2977767","","no",""
"cited_reference","10.1109/jiot.2020.2984478","not_resolved","","","","","","","","paper version 1 to upload for report","https://doi.org/10.1109/jiot.2020.2984478","","no",""
"cited_reference","10.1109/jiot.2020.2999323","not_resolved","","","","","","","","paper version 1 to upload for report | project with reviewers updates ok ok (1)","https://doi.org/10.1109/jiot.2020.2999323","","no",""
"cited_reference","10.1109/jiot.2022.3230505","verified","A Survey on LoRa for Smart Agriculture: Current Trends and Future Perspectives","Antonino Pagano; Daniele Croce; Ilenia Tinnirello; Gianpaolo Vitale","2023","IEEE Internet of Things Journal","Institute of Electrical and Electronics Engineers (IEEE)","journal-article","153","project with reviewers updates ok ok (1)","https://doi.org/10.1109/jiot.2022.3230505","https://ieeexplore.ieee.org/ielx7/6488907/10038283/09993728.pdf","yes","papers/A_Survey_on_LoRa_for_Smart_Agriculture_Current_Trends_and_Future_Perspectives.pdf"
"cited_reference","10.1109/lcomm.2008.080193","verified","Comparison of Asymmetrically Clipped Optical OFDM and DC-Biased Optical OFDM in AWGN","Jean Armstrong; Brendon Schmidt","2008","IEEE Communications Letters","Institute of Electrical and Electronics Engineers (IEEE)","journal-article","584","paper version 1 to upload for report","https://doi.org/10.1109/lcomm.2008.080193","","no",""
"cited_reference","10.1109/lcomm.2008.080300","verified","A Simple Algorithm for Data Compression in Wireless Sensor Networks","F. Marcelloni; M. Vecchio","2008","IEEE Communications Letters","Institute of Electrical and Electronics Engineers (IEEE)","journal-article","183","project with reviewers updates ok ok (1)","https://doi.org/10.1109/lcomm.2008.080300","","no",""
"cited_reference","10.1109/mascots.2018.00034","verified","Performance Benchmarking and Optimizing Hyperledger Fabric Blockchain Platform","Parth Thakkar; Senthil Nathan; Balaji Viswanathan","2018","2018 IEEE 26th International Symposium on Modeling, Analysis, and Simulation of Computer and Telecommunication Systems (MASCOTS)","IEEE","proceedings-article","472","project with reviewers updates ok ok (1)","https://doi.org/10.1109/mascots.2018.00034","https://arxiv.org/pdf/1805.11390","yes","papers/Performance_Benchmarking_and_Optimizing_Hyperledger_Fabric_Blockchain_Platform.pdf"
"cited_reference","10.1109/mc.2020.2989781","verified","Blockchain for E-Health-Care Systems: Easier Said Than Done","Sujit Biswas; Kashif Sharif; Fan Li; Saraju Mohanty","2020","Computer","Institute of Electrical and Electronics Engineers (IEEE)","journal-article","48","Enhancing_Bitcoin_Scalability_through_Parallel_Programming_and_Chinese","https://doi.org/10.1109/mc.2020.2989781","","no",""
"cited_reference","10.1109/mcom.2005","malformed_or_incomplete","","","","","","","","paper version 1 to upload for report | project with reviewers updates ok ok (1)","https://doi.org/10.1109/mcom.2005","","no",""
"cited_reference","10.1109/mcom.2017.1600613","verified","Understanding the Limits of LoRaWAN","Ferran Adelantado; Xavier Vilajosana; Pere Tuset-Peiro; Borja Martinez; Joan Melia-Segui; Thomas Watteyne","2017","IEEE Communications Magazine","Institute of Electrical and Electronics Engineers (IEEE)","journal-article","1218","paper version 1 to upload for report | project with reviewers updates ok ok (1)","https://doi.org/10.1109/mcom.2017.1600613","","no",""
"cited_reference","10.1109/mnet.2019.1800254","verified","Intelligent Edge Computing for IoT-Based Energy Management in Smart Cities","Yi Liu; Chao Yang; Li Jiang; Shengli Xie; Yan Zhang","2019","IEEE Network","Institute of Electrical and Electronics Engineers (IEEE)","journal-article","527","paper version 1 to upload for report | project with reviewers updates ok ok (1)","https://doi.org/10.1109/mnet.2019.1800254","","no",""
"cited_reference","10.1109/mpul.2018.2814879","verified","(Block) Chain Reaction: A Blockchain Revolution Sweeps into Health Care, Offering the Possibility for a Much-Needed Data Solution","Leslie Mertz","2018","IEEE Pulse","Institute of Electrical and Electronics Engineers (IEEE)","journal-article","41","Enhancing_Bitcoin_Scalability_through_Parallel_Programming_and_Chinese","https://doi.org/10.1109/mpul.2018.2814879","","no",""
"cited_reference","10.1109/tce.2025.3542172","verified","RBCET: A Reputation-Based Blockchain Consensus Mechanism for Fast and Secured Energy Trading in Internet of Electric Vehicles (IoEV)","Amritesh Kumar; Koustav Kumar Mondal; Lokendra Vishwakarma; Debasis Das","2025","IEEE Transactions on Consumer Electronics","Institute of Electrical and Electronics Engineers (IEEE)","journal-article","5","project with reviewers updates ok ok (1)","https://doi.org/10.1109/tce.2025.3542172","","no",""
"cited_reference","10.1109/tec.1959.5219515","verified","The Residue Number System","Harvey L. Garner","1959","IEEE Transactions on Electronic Computers","Institute of Electrical and Electronics Engineers (IEEE)","journal-article","272","paper version 1 to upload for report | project with reviewers updates ok ok (1)","https://doi.org/10.1109/tec.1959.5219515","","no",""
"cited_reference","10.1109/tem.2020.2989779","verified","Interoperability and Synchronization Management of Blockchain-Based Decentralized e-Health Systems","Sujit Biswas; Kashif Sharif; Fan Li; Zohaib Latif; Salil S. Kanhere; Saraju P. Mohanty","2020","IEEE Transactions on Engineering Management","Institute of Electrical and Electronics Engineers (IEEE)","journal-article","85","Enhancing_Bitcoin_Scalability_through_Parallel_Programming_and_Chinese","https://doi.org/10.1109/tem.2020.2989779","","no",""
"cited_reference","10.1109/tnsm.2024.3462746","verified","<i>SECURE</i>: Secure and Efficient Protocol Using Randomness and Edge-Computing for Drone-Assisted Internet of Vehicles","Himani Sikarwar; Harsha Vasudev; Debasis Das; Mauro Conti; Koustav Kumar Mondal","2024","IEEE Transactions on Network and Service Management","Institute of Electrical and Electronics Engineers (IEEE)","journal-article","12","project with reviewers updates ok ok (1)","https://doi.org/10.1109/tnsm.2024.3462746","","no",""
"cited_reference","10.1109/tvt.2026","malformed_or_incomplete","","","","","","","","project with reviewers updates ok ok (1)","https://doi.org/10.1109/tvt.2026","","no",""
"cited_reference","10.1111/exsy.13382","verified","Object detection and classification from compressed video streams","Suvarna Joshi; Stephen Ojo; Sangeeta Yadav; Preeti Gulia; Nasib Singh Gill; Hassan Alsberi; Ali Rizwan; Mohamed M. Hassan","2023","Expert Systems","Wiley","journal-article","4","paper version 1 to upload for report | project with reviewers updates ok ok (1)","https://doi.org/10.1111/exsy.13382","https://onlinelibrary.wiley.com/doi/pdfdirect/10.1111/exsy.13382","no",""
"cited_reference","10.1126/science.1183899","verified","Precision Agriculture and Food Security","Robin Gebbers; Viacheslav I. Adamchuk","2010","Science","American Association for the Advancement of Science (AAAS)","journal-article","1341","paper version 1 to upload for report | project with reviewers updates ok ok (1)","https://doi.org/10.1126/science.1183899","https://hal.inrae.fr/hal-04669546/document","yes","papers/Precision_Agriculture_and_Food_Security.pdf"
"cited_reference","10.1142/2893","verified","Thermodynamics and Statistical Physics","","1995","","WORLD SCIENTIFIC","proceedings","0","paper version 1 to upload for report | project with reviewers updates ok ok (1)","https://doi.org/10.1142/2893","","no",""
"cited_reference","10.1145/1362542","verified","","","2008","ACM Transactions on Sensor Networks","Association for Computing Machinery (ACM)","journal-issue","3","paper version 1 to upload for report | project with reviewers updates ok ok (1)","https://doi.org/10.1145/1362542","","no",""
"cited_reference","10.1145/1394127.1394128","verified","BASE: An Acid Alternative","Dan Pritchett","2008","Queue","Association for Computing Machinery (ACM)","journal-article","203","paper version 1 to upload for report | project with reviewers updates ok ok (1)","https://doi.org/10.1145/1394127.1394128","https://dl.acm.org/doi/pdf/10.1145/1394127.1394128","no",""
"cited_reference","10.1145/2988287","verified","Proceedings of the 19th ACM International Conference on Modeling, Analysis and Simulation of Wireless and Mobile Systems","","2016","","ACM","proceedings","0","project with reviewers updates ok ok (1)","https://doi.org/10.1145/2988287","","no",""
"cited_reference","10.1145/301250.301308","not_resolved","","","","","","","","paper version 1 to upload for report | project with reviewers updates ok ok (1)","https://doi.org/10.1145/301250.301308","","no",""
"cited_reference","10.1145/3190508.3190538","verified","Hyperledger fabric","Elli Androulaki; Artem Barger; Vita Bortnikov; Christian Cachin; Konstantinos Christidis; Angelo De Caro; David Enyeart; Christopher Ferris; Gennady Laventman; Yacov Manevich; Srinivasan Muralidharan; Chet Murthy; Binh Nguyen; Manish Sethi; Gari Singh; Keith Smith; Alessandro Sorniotti; Chrysoula Stathakopoulou; Marko Vukolić; Sharon Weed Cocco; Jason Yellick","2018","Proceedings of the Thirteenth EuroSys Conference","ACM","proceedings-article","3400","project with reviewers updates ok ok (1)","https://doi.org/10.1145/3190508.3190538","https://dl.acm.org/doi/pdf/10.1145/3190508.3190538","no",""
"cited_reference","10.1145/3293611.3331591","verified","HotStuff","Maofan Yin; Dahlia Malkhi; Michael K. Reiter; Guy Golan Gueta; Ittai Abraham","2019","Proceedings of the 2019 ACM Symposium on Principles of Distributed Computing","ACM","proceedings-article","908","paper version 1 to upload for report | project with reviewers updates ok ok (1)","https://doi.org/10.1145/3293611.3331591","https://dl.acm.org/doi/pdf/10.1145/3293611.3331591","no",""
"cited_reference","10.1145/3728943","verified","Why Does My Transaction Fail? A First Look at Failed Transactions on the Solana Blockchain","Xiaoye Zheng; Zhiyuan Wan; David Lo; Difan Xie; Xiaohu Yang","2025","Proceedings of the ACM on Software Engineering","Association for Computing Machinery (ACM)","journal-article","6","Enhancing_Bitcoin_Scalability_through_Parallel_Programming_and_Chinese","https://doi.org/10.1145/3728943","https://dl.acm.org/doi/pdf/10.1145/3728943","no",""
"cited_reference","10.1145/564585.564601","verified","Brewer's conjecture and the feasibility of consistent, available, partition-tolerant web services","Seth Gilbert; Nancy Lynch","2002","ACM SIGACT News","Association for Computing Machinery (ACM)","journal-article","1083","paper version 1 to upload for report | project with reviewers updates ok ok (1)","https://doi.org/10.1145/564585.564601","","no",""
"cited_reference","10.1155/2019/8315614","verified","Blockchain-Based Access Control Model to Preserve Privacy for Personal Health Record Systems","Thein Than Thwin; Sangsuree Vasupongayya","2019","Security and Communication Networks","Wiley","journal-article","99","Enhancing_Bitcoin_Scalability_through_Parallel_Programming_and_Chinese","https://doi.org/10.1155/2019/8315614","http://downloads.hindawi.com/journals/scn/2019/8315614.pdf","no",""
"cited_reference","10.1155/2020/","malformed_or_incomplete","","","","","","","","paper version 1 to upload for report | project with reviewers updates ok ok (1)","https://doi.org/10.1155/2020/","","no",""
"cited_reference","10.1177/1460458219866350","verified","Electronic health records in a Blockchain: A systematic review","André Henrique Mayer; Cristiano André da Costa; Rodrigo da Rosa Righi","2019","Health Informatics Journal","SAGE Publications","journal-article","189","Enhancing_Bitcoin_Scalability_through_Parallel_Programming_and_Chinese","https://doi.org/10.1177/1460458219866350","https://journals.sagepub.com/doi/pdf/10.1177/1460458219866350","no",""
"cited_reference","10.1177/1847979018790589","verified","Blockchain technology for providing an architecture model of decentralized personal health information","Sandi Rahmadika; Kyung-Hyune Rhee","2018","International Journal of Engineering Business Management","SAGE Publications","journal-article","69","Enhancing_Bitcoin_Scalability_through_Parallel_Programming_and_Chinese","https://doi.org/10.1177/1847979018790589","https://journals.sagepub.com/doi/pdf/10.1177/1847979018790589","no",""
"cited_reference","10.1177/1932296818790281","verified","How to Use Blockchain for Diabetes Health Care Data and Access Management: An Operational Concept","Simon Lebech Cichosz; Mads Nibe Stausholm; Thomas Kronborg; Peter Vestergaard; Ole Hejlesen","2018","Journal of Diabetes Science and Technology","SAGE Publications","journal-article","80","Enhancing_Bitcoin_Scalability_through_Parallel_Programming_and_Chinese","https://doi.org/10.1177/1932296818790281","https://journals.sagepub.com/doi/pdf/10.1177/1932296818790281","no",""
"cited_reference","10.1186/s12916-019-1296-7","verified","‘Fit-for-purpose?’ – challenges and opportunities for applications of blockchain technology in the future of healthcare","Tim K. Mackey; Tsung-Ting Kuo; Basker Gummadi; Kevin A. Clauson; George Church; Dennis Grishin; Kamal Obbad; Robert Barkovich; Maria Palombini","2019","BMC Medicine","Springer Science and Business Media LLC","journal-article","271","Enhancing_Bitcoin_Scalability_through_Parallel_Programming_and_Chinese","https://doi.org/10.1186/s12916-019-1296-7","https://bmcmedicine.biomedcentral.com/track/pdf/10.1186/s12916-019-1296-7","yes","papers/Fit_for_purpose_challenges_and_opportunities_for_applications_of_blockchain_technology_in_the_future_of_health.pdf"
"cited_reference","10.21203/rs.3.rs-9070688/v1","verified","CRT-Based Parallel Residue Transmission for Distributed Edge Blockchain Computing: A Scalable IoT Cluster Architecture for Arid Agriculture","Glen beloa forcha; Michael Ekonde Sone; Elie Fute Tagne; André Paul ASSE MVOGO","2026","","Springer Science and Business Media LLC","posted-content","0","paper version 1 to upload for report","https://doi.org/10.21203/rs.3.rs-9070688/v1","https://www.researchsquare.com/article/rs-9070688/latest.pdf","yes","papers/CRT_Based_Parallel_Residue_Transmission_for_Distributed_Edge_Blockchain_Computing_A_Scalable_IoT_Cluster_Archi.pdf"
"cited_reference","10.2139/ssrn.3355106","verified","Anatomy and Lifecycle of a Bitcoin Transaction","Karthik Sai RadhaKrishna Puranam; Mani Chandra Teja Gaddam; Vara Prasad Rao K; Sandeep Kumar Panda; G Sudhaamsh Mohan Reddy","2019","SSRN Electronic Journal","Elsevier BV","journal-article","14","Enhancing_Bitcoin_Scalability_through_Parallel_Programming_and_Chinese","https://doi.org/10.2139/ssrn.3355106","","no",""
"cited_reference","10.26190/unsworks/1628","not_resolved","","","","","","","","Enhancing_Bitcoin_Scalability_through_Parallel_Programming_and_Chinese","https://doi.org/10.26190/unsworks/1628","","no",""
"cited_reference","10.3233/jifs-169949ios","malformed_or_incomplete","","","","","","","","Enhancing_Bitcoin_Scalability_through_Parallel_Programming_and_Chinese","https://doi.org/10.3233/jifs-169949ios","","no",""
"cited_reference","10.3389/fpls.2016.01419","verified","Using Deep Learning for Image-Based Plant Disease Detection","Sharada P. Mohanty; David P. Hughes; Marcel Salathé","2016","Frontiers in Plant Science","Frontiers Media SA","journal-article","4198","paper version 1 to upload for report","https://doi.org/10.3389/fpls.2016.01419","https://www.frontiersin.org/articles/10.3389/fpls.2016.01419/pdf","yes","papers/Using_Deep_Learning_for_Image_Based_Plant_Disease_Detection.pdf"
"cited_reference","10.3389/frcmn.2025.1587402","verified","Smart agriculture resource allocation and energy optimization using bidirectional long short-term memory with ant colony optimization (Bi-LSTM–ACO)","M. Rathi; C. Gomathy","2025","Frontiers in Communications and Networks","Frontiers Media SA","journal-article","3","project with reviewers updates ok ok (1)","https://doi.org/10.3389/frcmn.2025.1587402","https://www.frontiersin.org/journals/communications-and-networks/articles/10.3389/frcmn.2025.1587402/pdf","yes","papers/Smart_agriculture_resource_allocation_and_energy_optimization_using_bidirectional_long_short_term_memory_with_.pdf"
"cited_reference","10.3390/bdcc3020025","verified","The Emerging Role of Blockchain Technology Applications in Routine Disease Surveillance Systems to Strengthen Global Health Security","Vijay Kumar Chattu; Anjali Nanda; Soosanna Kumary Chattu; Syed Manzoor Kadri; Andy W Knight","2019","Big Data and Cognitive Computing","MDPI AG","journal-article","61","Enhancing_Bitcoin_Scalability_through_Parallel_Programming_and_Chinese","https://doi.org/10.3390/bdcc3020025","https://www.mdpi.com/2504-2289/3/2/25/pdf?version=1557296014","yes","papers/The_Emerging_Role_of_Blockchain_Technology_Applications_in_Routine_Disease_Surveillance_Systems_to_Strengthen_.pdf"
"cited_reference","10.3390/computers13060146","verified","Unlocking Blockchain UTXO Transactional Patterns and Their Effect on Storage and Throughput Trade-Offs","David Melo; Saúl Eduardo Pomares-Hernández; Lil María Xibai Rodríguez-Henríquez; Julio César Pérez-Sansalvador","2024","Computers","MDPI AG","journal-article","1","Enhancing_Bitcoin_Scalability_through_Parallel_Programming_and_Chinese","https://doi.org/10.3390/computers13060146","https://www.mdpi.com/2073-431X/13/6/146/pdf?version=1717764386","yes","papers/Unlocking_Blockchain_UTXO_Transactional_Patterns_and_Their_Effect_on_Storage_and_Throughput_Trade_Offs.pdf"
"cited_reference","10.3390/electronics9050763","verified","Artificial Neural Network Blockchain Techniques for Healthcare System: Focusing on the Personal Health Records","Seong-Kyu Kim; Jun-Ho Huh","2020","Electronics","MDPI AG","journal-article","53","Enhancing_Bitcoin_Scalability_through_Parallel_Programming_and_Chinese","https://doi.org/10.3390/electronics9050763","https://www.mdpi.com/2079-9292/9/5/763/pdf?version=1590570312","yes","papers/Artificial_Neural_Network_Blockchain_Techniques_for_Healthcare_System_Focusing_on_the_Personal_Health_Records.pdf"
"cited_reference","10.3390/ijerph16203847","verified","Disruptive Technologies for Environment and Health Research: An Overview of Artificial Intelligence, Blockchain, and Internet of Things","Frederico M. Bublitz; Arlene Oetomo; Kirti S. Sahu; Amethyst Kuang; Laura X. Fadrique; Pedro E. Velmovitsky; Raphael M. Nobrega; Plinio P. Morita","2019","International Journal of Environmental Research and Public Health","MDPI AG","journal-article","132","Enhancing_Bitcoin_Scalability_through_Parallel_Programming_and_Chinese","https://doi.org/10.3390/ijerph16203847","https://www.mdpi.com/1660-4601/16/20/3847/pdf?version=1570798034","yes","papers/Disruptive_Technologies_for_Environment_and_Health_Research_An_Overview_of_Artificial_Intelligence_Blockchain_.pdf"
"cited_reference","10.3390/jrfm17030128","verified","Segmenting Bitcoin Transactions for Price Movement Prediction","Yuxin Zhang; Rajiv Garg; Linda L. Golden; Patrick L. Brockett; Ajit Sharma","2024","Journal of Risk and Financial Management","MDPI AG","journal-article","6","Enhancing_Bitcoin_Scalability_through_Parallel_Programming_and_Chinese","https://doi.org/10.3390/jrfm17030128","https://www.mdpi.com/1911-8074/17/3/128/pdf?version=1711016678","yes","papers/Segmenting_Bitcoin_Transactions_for_Price_Movement_Prediction.pdf"
"cited_reference","10.3390/math12243883","verified","Certificateless Provable Data Possession Scheme for Cloud-Based Electronic Health Records System","Yujie Wu; Xiao Tan; Qi Xie","2024","Mathematics","MDPI AG","journal-article","2","Enhancing_Bitcoin_Scalability_through_Parallel_Programming_and_Chinese","https://doi.org/10.3390/math12243883","https://www.mdpi.com/2227-7390/12/24/3883/pdf?version=1733834204","yes","papers/Certificateless_Provable_Data_Possession_Scheme_for_Cloud_Based_Electronic_Health_Records_System.pdf"
"cited_reference","10.3390/s18041057","verified","Design of Dual-Mode Local Oscillators Using CMOS Technology for Motion Detection Sensors","Keum-Won Ha; Jeong-Yun Lee; Jeong-Geun Kim; Donghyun Baek","2018","Sensors","MDPI AG","journal-article","6","paper version 1 to upload for report | project with reviewers updates ok ok (1)","https://doi.org/10.3390/s18041057","https://www.mdpi.com/1424-8220/18/4/1057/pdf?version=1525346642","yes","papers/Design_of_Dual_Mode_Local_Oscillators_Using_CMOS_Technology_for_Motion_Detection_Sensors.pdf"
"cited_reference","10.3390/s18113995","verified","A Survey of LoRaWAN for IoT: From Technology to Application","Jetmir Haxhibeqiri; Eli De Poorter; Ingrid Moerman; Jeroen Hoebeke","2018","Sensors","MDPI AG","journal-article","543","project with reviewers updates ok ok (1)","https://doi.org/10.3390/s18113995","https://www.mdpi.com/1424-8220/18/11/3995/pdf?version=1542362844","yes","papers/A_Survey_of_LoRaWAN_for_IoT_From_Technology_to_Application.pdf"
"cited_reference","10.3390/s18124268","verified","Hybrid Blockchain and Internet-of-Things Network for Underground Structure Health Monitoring","Byung Wan Jo; Rana Muhammad Asad Khan; Yun-Sung Lee","2018","Sensors","MDPI AG","journal-article","104","Enhancing_Bitcoin_Scalability_through_Parallel_Programming_and_Chinese","https://doi.org/10.3390/s18124268","https://www.mdpi.com/1424-8220/18/12/4268/pdf?version=1543929551","yes","papers/Hybrid_Blockchain_and_Internet_of_Things_Network_for_Underground_Structure_Health_Monitoring.pdf"
"cited_reference","10.3390/s19153319","verified","Enabling the Internet of Mobile Crowdsourcing Health Things: A Mobile Fog Computing, Blockchain and IoT Based Continuous Glucose Monitoring System for Diabetes Mellitus Research and Care","Tiago M. Fernández-Caramés; Iván Froiz-Míguez; Oscar Blanco-Novoa; Paula Fraga-Lamas","2019","Sensors","MDPI AG","journal-article","115","Enhancing_Bitcoin_Scalability_through_Parallel_Programming_and_Chinese","https://doi.org/10.3390/s19153319","","no",""
"cited_reference","10.3390/s21041209","verified","Natural Frequencies Identification by FEM Applied to a 2-DOF Planar Robot and Its Validation Using MUSIC Algorithm","Salvador Martínez-Cruz; Juan P. Amézquita-Sánchez; Gerardo I. Pérez-Soto; Jesús R. Rivera-Guillén; Luis A. Morales-Hernández; Karla A. Camarillo-Gómez","2021","Sensors","MDPI AG","journal-article","3","paper version 1 to upload for report | project with reviewers updates ok ok (1)","https://doi.org/10.3390/s21041209","https://www.mdpi.com/1424-8220/21/4/1209/pdf?version=1612866530","yes","papers/Natural_Frequencies_Identification_by_FEM_Applied_to_a_2_DOF_Planar_Robot_and_Its_Validation_Using_MUSIC_Algor.pdf"
"cited_reference","10.3390/s22134868","verified","Experimental Performance Analysis of a Scalable Distributed Hyperledger Fabric for a Large-Scale IoT Testbed","Houshyar Honar Pajooh; Mohammad A. Rashid; Fakhrul Alam; Serge Demidenko","2022","Sensors","MDPI AG","journal-article","38","project with reviewers updates ok ok (1)","https://doi.org/10.3390/s22134868","https://www.mdpi.com/1424-8220/22/13/4868/pdf?version=1656401842","yes","papers/Experimental_Performance_Analysis_of_a_Scalable_Distributed_Hyperledger_Fabric_for_a_Large_Scale_IoT_Testbed.pdf"
"cited_reference","10.3390/s22205981","not_resolved","","","","","","","","paper version 1 to upload for report | project with reviewers updates ok ok (1)","https://doi.org/10.3390/s22205981","","no",""
"cited_reference","10.3390/s23115342","verified","The Role of Blockchain Technology in Promoting Traceability Systems in Agri-Food Production and Supply Chains","Techane Bosona; Girma Gebresenbet","2023","Sensors","MDPI AG","journal-article","144","project with reviewers updates ok ok (1)","https://doi.org/10.3390/s23115342","https://www.mdpi.com/1424-8220/23/11/5342/pdf?version=1685951136","yes","papers/The_Role_of_Blockchain_Technology_in_Promoting_Traceability_Systems_in_Agri_Food_Production_and_Supply_Chains.pdf"
"cited_reference","10.3390/s23146332","verified","An Advanced Energy-Efficient Environmental Monitoring in Precision Agriculture Using LoRa-Based Wireless Sensor Networks","Višnja Križanović; Krešimir Grgić; Josip Spišić; Drago Žagar","2023","Sensors","MDPI AG","journal-article","16","project with reviewers updates ok ok (1)","https://doi.org/10.3390/s23146332","https://www.mdpi.com/1424-8220/23/14/6332/pdf?version=1689164215","yes","papers/An_Advanced_Energy_Efficient_Environmental_Monitoring_in_Precision_Agriculture_Using_LoRa_Based_Wireless_Senso.pdf"
"cited_reference","10.34218/ijaret.14.2.002","verified","Blockchain Layer 2 Rollups, Optimistic vs zero knowledge","Ohm Patel","2023","INTERNATIONAL JOURNAL OF ADVANCED RESEARCH IN ENGINEERING AND TECHNOLOGY","IAEME Publication Chennai","journal-article","2","Enhancing_Bitcoin_Scalability_through_Parallel_Programming_and_Chinese","https://doi.org/10.34218/ijaret.14.2.002","https://doi.org/10.34218/ijaret.14.2.002","yes","papers/Blockchain_Layer_2_Rollups_Optimistic_vs_zero_knowledge.pdf"
"cited_reference","10.4172/2157-7420.1000276","verified","Blockchain Applications and Use Cases in Health Information Technology","David Randall; Pradeep Goel; Ramzi Abujamra","2017","Journal of Health &amp; Medical Informatics","OMICS Publishing Group","journal-article","50","Enhancing_Bitcoin_Scalability_through_Parallel_Programming_and_Chinese","https://doi.org/10.4172/2157-7420.1000276","","no",""
"cited_reference","10.48047/2wnc","malformed_or_incomplete","","","","","","","","Enhancing_Bitcoin_Scalability_through_Parallel_Programming_and_Chinese","https://doi.org/10.48047/2wnc","","no",""
"cited_reference","10.5281/zenodo.14275084","not_resolved","","","","","","","","Enhancing_Bitcoin_Scalability_through_Parallel_Programming_and_Chinese","https://doi.org/10.5281/zenodo.14275084","","no",""
"cited_reference","10.54105/ijcns.a1426.04010524","verified","Security of the Secp256k1 Elliptic Curve used in the Bitcoin Blockchain","; Dr. Kannan Balasubramanian","2024","Indian Journal of Cryptography and Network Security","Lattice Science Publication (LSP)","journal-article","7","Enhancing_Bitcoin_Scalability_through_Parallel_Programming_and_Chinese","https://doi.org/10.54105/ijcns.a1426.04010524","https://www.ijcns.latticescipub.com/wp-content/uploads/papers/v4i1/A1426054124.pdf","yes","papers/Security_of_the_Secp256k1_Elliptic_Curve_used_in_the_Bitcoin_Blockchain.pdf"
"cited_reference","10.54254/2753-8818/9/20240711","verified","Research and application of Chinese remainder theorem","Qinnan Luo","2023","Theoretical and Natural Science","EWA Publishing","journal-article","1","Enhancing_Bitcoin_Scalability_through_Parallel_Programming_and_Chinese","https://doi.org/10.54254/2753-8818/9/20240711","https://www.ewadirect.com/proceedings/tns/article/view/6329/pdf","yes","papers/Research_and_application_of_Chinese_remainder_theorem.pdf"
"recent_related","10.3390/su16051790","verified_openalex","AI-Powered Innovation in Digital Transformation: Key Pillars and Industry Impact","Abdulaziz Aldoseri; Khalifa N. Al‐Khalifa; A.M.S. Hamouda","2024","Sustainability","","article","235","Recommended via topic search: blockchain scalability parallel transaction execution","https://doi.org/10.3390/su16051790","https://www.mdpi.com/2071-1050/16/5/1790/pdf?version=1708581624","yes","papers/AI_Powered_Innovation_in_Digital_Transformation_Key_Pillars_and_Industry_Impact.pdf"
"recent_related","10.1109/access.2024.3355547","verified_openalex","A Comprehensive Survey: Evaluating the Efficiency of Artificial Intelligence and Machine Learning Techniques on Cyber Security Solutions","Merve Ozkan-Okay; Erdal Akin; Ömer Aslan; Selahattin Koşunalp; Teodor Iliev; Ivaylo Stoyanov; Ivan Beloev","2024","IEEE Access","","article","210","Recommended via topic search: blockchain scalability parallel transaction execution","https://doi.org/10.1109/access.2024.3355547","https://ieeexplore.ieee.org/ielx7/6287639/6514899/10403908.pdf","yes","papers/A_Comprehensive_Survey_Evaluating_the_Efficiency_of_Artificial_Intelligence_and_Machine_Learning_Techniques_on.pdf"
"recent_related","10.1016/j.heliyon.2024.e26503","verified_openalex","Digital twin: Data exploration, architecture, implementation and future","Md. Shezad Dihan; Anwar Islam Akash; Zinat Tasneem; Prangon Das; Sajal K. Das; Md. Robiul Islam; Md. Manirul Islam; Faisal R. Badal; Md. Firoj Ali; Md. Hafiz Ahamed; Sarafat Hussain Abhi; Subrata K. Sarker; Md. Mehedi Hasan","2024","Heliyon","","article","186","Recommended via topic search: blockchain scalability parallel transaction execution","https://doi.org/10.1016/j.heliyon.2024.e26503","http://www.cell.com/article/S2405844024025349/pdf","no",""
"recent_related","10.1109/ojcoms.2024.3349465","verified_openalex","AI and 6G Into the Metaverse: Fundamentals, Challenges and Future Research Trends","Muhammad Zawish; Fayaz Ali Dharejo; Sunder Ali Khowaja; Saleem Raza; Steven Davy; Kapal Dev; Paolo Bellavista","2024","IEEE Open Journal of the Communications Society","","article","179","Recommended via topic search: blockchain scalability parallel transaction execution","https://doi.org/10.1109/ojcoms.2024.3349465","https://ieeexplore.ieee.org/ielx7/8782661/10362961/10415393.pdf","yes","papers/AI_and_6G_Into_the_Metaverse_Fundamentals_Challenges_and_Future_Research_Trends.pdf"
"recent_related","10.1016/j.teler.2024.100116","verified_openalex","Modern computing: Vision and challenges","Sukhpal Singh Gill; Huaming Wu; Panos Patros; Carlo Ottaviani; Priyansh Arora; Víctor Casamayor Pujol; David Haunschild; Ajith Kumar Parlikad; Oktay Cetinkaya; Hanan Lutfiyya; Vlado Stankovski; Ruidong Li; Yuemin Ding; Junaid Qadir; Ajith Abraham; Soumya K. Ghosh; Houbing Song; Rizos Sakellariou; Omer Rana; Joel J. P. C. Rodrigues; Salil S. Kanhere; Schahram Dustdar; Steve Uhlig; Kotagiri Ramamohanarao; Rajkumar Buyya","2024","Telematics and Informatics Reports","","article","172","Recommended via topic search: blockchain scalability parallel transaction execution","https://doi.org/10.1016/j.teler.2024.100116","https://ars.els-cdn.com/content/image/1-s2.0-S2772503024000021-ga1_lrg.jpg","no",""
"recent_related","10.1007/s10115-025-02429-y","verified_openalex","Artificial intelligence and machine learning in cybersecurity: a deep dive into state-of-the-art techniques and future paradigms","Nachaat Mohamed","2025","Knowledge and Information Systems","","article","169","Recommended via topic search: blockchain scalability parallel transaction execution","https://doi.org/10.1007/s10115-025-02429-y","https://link.springer.com/content/pdf/10.1007/s10115-025-02429-y.pdf","yes","papers/Artificial_intelligence_and_machine_learning_in_cybersecurity_a_deep_dive_into_state_of_the_art_techniques_and.pdf"
"recent_related","10.1016/j.compind.2024.104132","verified_openalex","Artificial intelligence in supply chain management: A systematic literature review of empirical studies and research directions","Giovanna Culot; Matteo Podrecca; Guido Nassimbeni","2024","Computers in Industry","","review","158","Recommended via topic search: blockchain scalability parallel transaction execution","https://doi.org/10.1016/j.compind.2024.104132","","no",""
"recent_related","10.1007/s12559-024-10255-7","verified_openalex","A Novel Blockchain-Based Deepfake Detection Method Using Federated and Deep Learning Models","Arash Heidari; Nima Jafari Navimipour; Hasan Dağ; Samira Talebi; Mehmet Ünal","2024","Cognitive Computation","","article","151","Recommended via topic search: blockchain scalability parallel transaction execution","https://doi.org/10.1007/s12559-024-10255-7","https://link.springer.com/content/pdf/10.1007/s12559-024-10255-7.pdf","yes","papers/A_Novel_Blockchain_Based_Deepfake_Detection_Method_Using_Federated_and_Deep_Learning_Models.pdf"
"recent_related","10.1016/j.heliyon.2024.e26297","verified_openalex","Ethical and regulatory challenges of AI technologies in healthcare: A narrative review","Ciro Mennella; Umberto Maniscalco; Giuseppe De Pietro; Massimo Esposito","2024","Heliyon","","review","907","Recommended via topic search: blockchain healthcare electronic health records privacy","https://doi.org/10.1016/j.heliyon.2024.e26297","http://www.cell.com/article/S2405844024023284/pdf","no",""
"recent_related","10.1038/s41746-024-01073-0","verified_openalex","Digital twins for health: a scoping review","Evangelia Katsoulakis; Qi Wang; Huanmei Wu; Leili Shahriyari; R. Fletcher; Jinwei Liu; Luke E. K. Achenie; Hongfang Liu; Pamela Jackson; Ying Xiao; Tanveer Syeda-Mahmood; Richard Tuli; Jun Deng","2024","npj Digital Medicine","","article","667","Recommended via topic search: blockchain healthcare electronic health records privacy","https://doi.org/10.1038/s41746-024-01073-0","https://www.nature.com/articles/s41746-024-01073-0.pdf","yes","papers/Digital_twins_for_health_a_scoping_review.pdf"
"recent_related","10.1186/s41239-023-00436-z","verified_openalex","A meta systematic review of artificial intelligence in higher education: a call for increased ethics, collaboration, and rigour","Melissa Bond; Hassan Khosravi; Maarten de Laat; Nina Bergdahl; Violeta Negrea; Emily Oxley; Phuong Pham; Sin Wang Chong; George Siemens","2024","International Journal of Educational Technology in Higher Education","","review","633","Recommended via topic search: blockchain healthcare electronic health records privacy","https://doi.org/10.1186/s41239-023-00436-z","https://educationaltechnologyjournal.springeropen.com/counter/pdf/10.1186/s41239-023-00436-z","yes","papers/A_meta_systematic_review_of_artificial_intelligence_in_higher_education_a_call_for_increased_ethics_collaborat.pdf"
"recent_related","10.1109/access.2024.3389497","verified_openalex","GPT (Generative Pre-Trained Transformer)— A Comprehensive Review on Enabling Technologies, Potential Applications, Emerging Challenges, and Future Directions","Gokul Yenduri; M. Ramalingam; G. Chemmalar Selvi; Y. Supriya; Gautam Srivastava; Praveen Kumar Reddy Maddikunta; G. Deepti Raj; Rutvij H. Jhaveri; B. Prabadevi; Weizheng Wang; Athanasios V. Vasilakos; Thippa Reddy Gadekallu","2024","IEEE Access","","article","567","Recommended via topic search: blockchain healthcare electronic health records privacy","https://doi.org/10.1109/access.2024.3389497","https://ieeexplore.ieee.org/ielx7/6287639/6514899/10500411.pdf","yes","papers/GPT_Generative_Pre_Trained_Transformer_A_Comprehensive_Review_on_Enabling_Technologies_Potential_Applications_.pdf"
"recent_related","10.3390/app14020675","verified_openalex","Balancing Privacy and Progress: A Review of Privacy Challenges, Systemic Oversight, and Patient Perceptions in AI-Driven Healthcare","S. Williamson; Victor R. Prybutok","2024","Applied Sciences","","article","518","Recommended via topic search: blockchain healthcare electronic health records privacy","https://doi.org/10.3390/app14020675","https://www.mdpi.com/2076-3417/14/2/675/pdf?version=1705396255","yes","papers/Balancing_Privacy_and_Progress_A_Review_of_Privacy_Challenges_Systemic_Oversight_and_Patient_Perceptions_in_AI.pdf"
"recent_related","10.38124/ijisrt/ijisrt24jul180","verified_openalex","Collaborative Networks: Integrating Blockchain for Enhanced Trust and Transparency","Ajit Kumar; Om Prakash Roy","2024","International Journal of Innovative Science and Research Technology (IJISRT)","","article","449","Recommended via topic search: blockchain healthcare electronic health records privacy","https://doi.org/10.38124/ijisrt/ijisrt24jul180","https://www.ijisrt.com/assets/upload/files/IJISRT24JUL180.pdf","yes","papers/Collaborative_Networks_Integrating_Blockchain_for_Enhanced_Trust_and_Transparency.pdf"
"recent_related","10.1016/j.patcog.2024.110424","verified_openalex","Federated learning for medical image analysis: A survey","Hao Guan; Pew‐Thian Yap; Andrea Bozoki; Mingxia Liu","2024","Pattern Recognition","","article","442","Recommended via topic search: blockchain healthcare electronic health records privacy","https://doi.org/10.1016/j.patcog.2024.110424","https://pmc.ncbi.nlm.nih.gov/articles/PMC10976951/pdf/nihms-1977935.pdf","no",""
"recent_related","10.3390/pharmaceutics16101328","verified_openalex","Artificial Intelligence (AI) Applications in Drug Discovery and Drug Delivery: Revolutionizing Personalized Medicine","Dolores R. Serrano; Francis C. Luciano; Brayan J. Anaya; Baris Öngoren; Aytug Kara; Gracia Molina; Bianca I. Ramirez; Sergio A. Sánchez-Guirales; JJ Martínez Simón; Greta Tomietto; Chrysi Rapti; Helga K. Ruiz; Satyavati Rawat; Dinesh Kumar; Aikaterini Lalatsa","2024","Pharmaceutics","","article","423","Recommended via topic search: blockchain healthcare electronic health records privacy","https://doi.org/10.3390/pharmaceutics16101328","https://www.mdpi.com/1999-4923/16/10/1328/pdf?version=1728891790","yes","papers/Artificial_Intelligence_AI_Applications_in_Drug_Discovery_and_Drug_Delivery_Revolutionizing_Personalized_Medic.pdf"
"recent_related","10.1016/j.heliyon.2024.e40370","verified_openalex","Review on the impact of heavy metals from industrial wastewater effluent and removal technologies","Temitayo E Oladimeji; Melody Oluwaseyi Oyedemi; M.E. Emetere; Oluranti Agboola; John Busayo Adeoye; Olayemi Abosede Odunlami","2024","Heliyon","","article","397","Recommended via topic search: blockchain smart agriculture IoT traceability","https://doi.org/10.1016/j.heliyon.2024.e40370","","no",""
"recent_related","10.3390/s24082647","verified_openalex","Smart Sensors and Smart Data for Precision Agriculture: A Review","Abdellatif Soussi; Enrico Zero; Roberto Sacile; Daniele Trinchero; Marco Fossa","2024","Sensors","","article","354","Recommended via topic search: blockchain smart agriculture IoT traceability","https://doi.org/10.3390/s24082647","https://www.mdpi.com/1424-8220/24/8/2647/pdf?version=1713686700","yes","papers/Smart_Sensors_and_Smart_Data_for_Precision_Agriculture_A_Review.pdf"
"recent_related","10.1039/d4na00214h","verified_openalex","Advancements in nanomaterials for nanosensors: a comprehensive review","Moustafa A. Darwish; Walaa Abd‐Elaziem; Ammar H. Elsheikh; Abdelhameed A. Zayed","2024","Nanoscale Advances","","article","302","Recommended via topic search: blockchain smart agriculture IoT traceability","https://doi.org/10.1039/d4na00214h","https://pubs.rsc.org/en/content/articlepdf/2024/na/d4na00214h","no",""
"recent_related","10.1109/comst.2024.3430368","verified_openalex","A Survey on Intelligent Internet of Things: Applications, Security, Privacy, and Future Directions","Ons Aouedi; Thai-Hoc Vu; Alessio Sacco; Dinh C. Nguyen; Kandaraj Piamrat; Guido Marchetto; Quoc‐Viet Pham","2024","IEEE Communications Surveys & Tutorials","","article","243","Recommended via topic search: blockchain smart agriculture IoT traceability","https://doi.org/10.1109/comst.2024.3430368","https://hal.science/hal-04811049/document","yes","papers/A_Survey_on_Intelligent_Internet_of_Things_Applications_Security_Privacy_and_Future_Directions.pdf"
"recent_related","10.1016/j.heliyon.2024.e27920","verified_openalex","Advances in machine learning and IoT for water quality monitoring: A comprehensive review","Ismail Essamlali; Hasna Nhaila; Mohamed El Khaïli","2024","Heliyon","","article","238","Recommended via topic search: blockchain smart agriculture IoT traceability","https://doi.org/10.1016/j.heliyon.2024.e27920","http://www.cell.com/article/S2405844024039513/pdf","no",""
"recent_related","10.3390/foods13040506","verified_openalex","The Future of Food","Charis M. Galanakis","2024","Foods","","article","232","Recommended via topic search: blockchain smart agriculture IoT traceability","https://doi.org/10.3390/foods13040506","https://www.mdpi.com/2304-8158/13/4/506/pdf?version=1707192603","yes","papers/The_Future_of_Food.pdf"
"recent_related","10.1007/s10462-024-10944-7","verified_openalex","A systematic review of deep learning techniques for plant diseases","İshak Paçal; İsmail Kunduracıoğlu; Mehmet Hakkı Alma; Muhammet Deveci; Seifedine Kadry; Jan Nedoma; Vlastimil Slaný; Radek Martínek","2024","Artificial Intelligence Review","","review","215","Recommended via topic search: blockchain smart agriculture IoT traceability","https://doi.org/10.1007/s10462-024-10944-7","https://link.springer.com/content/pdf/10.1007/s10462-024-10944-7.pdf","yes","papers/A_systematic_review_of_deep_learning_techniques_for_plant_diseases.pdf"
"recent_related","10.3390/su16219145","verified_openalex","Artificial Intelligence in Logistics Optimization with Sustainable Criteria: A Review","Wenwen Chen; Yangchongyi Men; Noelia Fuster; Celia Osorio; Ángel A. Juan","2024","Sustainability","","article","210","Recommended via topic search: blockchain smart agriculture IoT traceability","https://doi.org/10.3390/su16219145","https://www.mdpi.com/2071-1050/16/21/9145/pdf?version=1729584422","yes","papers/Artificial_Intelligence_in_Logistics_Optimization_with_Sustainable_Criteria_A_Review.pdf"
"recent_related","10.1109/access.2024.3361039","verified_openalex","A Comprehensive Review on Cyber-Attacks in Power Systems: Impact Analysis, Detection, and Cyber Security","Naveen Tatipatri; S. L. Arun","2024","IEEE Access","","article","146","Recommended via topic search: Chinese remainder theorem blockchain cryptography","https://doi.org/10.1109/access.2024.3361039","https://ieeexplore.ieee.org/ielx7/6287639/6514899/10418207.pdf","yes","papers/A_Comprehensive_Review_on_Cyber_Attacks_in_Power_Systems_Impact_Analysis_Detection_and_Cyber_Security.pdf"
"recent_related","10.1016/j.jpdc.2024.104918","verified_openalex","Balancing privacy and performance in federated learning: A systematic literature review on methods and metrics","Samaneh Mohammadi; Ali Balador; Sima Sinaei; Francesco Flammini","2024","Journal of Parallel and Distributed Computing","","review","78","Recommended via topic search: Chinese remainder theorem blockchain cryptography","https://doi.org/10.1016/j.jpdc.2024.104918","","no",""
"recent_related","10.1109/access.2024.3382150","verified_openalex","Beyond Bits: A Review of Quantum Embedding Techniques for Efficient Information Processing","Mansoor Ali Khan; Muhammad Naveed Aman; Biplab Sikdar","2024","IEEE Access","","article","53","Recommended via topic search: Chinese remainder theorem blockchain cryptography","https://doi.org/10.1109/access.2024.3382150","https://ieeexplore.ieee.org/ielx7/6287639/6514899/10479501.pdf","yes","papers/Beyond_Bits_A_Review_of_Quantum_Embedding_Techniques_for_Efficient_Information_Processing.pdf"
"recent_related","10.1007/s10586-024-04357-y","verified_openalex","IoT-based eHealth using blockchain technology: a survey","Aya H. Allam; Ibrahim Gomaa; Hala H. Zayed; Mohamed Taha","2024","Cluster Computing","","article","43","Recommended via topic search: Chinese remainder theorem blockchain cryptography","https://doi.org/10.1007/s10586-024-04357-y","https://link.springer.com/content/pdf/10.1007/s10586-024-04357-y.pdf","yes","papers/IoT_based_eHealth_using_blockchain_technology_a_survey.pdf"
"recent_related","10.1016/j.vehcom.2024.100804","verified_openalex","State-of-the-art authentication and verification schemes in VANETs: A survey","Sheraz Mazhar; Abdur Rakib; Lei Pan; Frank Jiang; Adnan Anwar; Robin Doss; Jeremy Bryans","2024","Vehicular Communications","","article","42","Recommended via topic search: Chinese remainder theorem blockchain cryptography","https://doi.org/10.1016/j.vehcom.2024.100804","","no",""
"recent_related","10.3389/frai.2024.1397480","verified_openalex","Exploring security threats and solutions Techniques for Internet of Things (IoT): from vulnerabilities to vigilance","Swastik Kumar Sahu; Kaushik Mazumdar","2024","Frontiers in Artificial Intelligence","","article","42","Recommended via topic search: Chinese remainder theorem blockchain cryptography","https://doi.org/10.3389/frai.2024.1397480","https://www.frontiersin.org/articles/10.3389/frai.2024.1397480/pdf?isPublishedV2=False","yes","papers/Exploring_security_threats_and_solutions_Techniques_for_Internet_of_Things_IoT_from_vulnerabilities_to_vigilan.pdf"
"recent_related","10.1007/s12525-024-00714-2","verified_openalex","Centralized exchanges vs. decentralized exchanges in cryptocurrency markets: A systematic literature review","Sascha Hägele","2024","Electronic Markets","","review","41","Recommended via topic search: Chinese remainder theorem blockchain cryptography","https://doi.org/10.1007/s12525-024-00714-2","https://link.springer.com/content/pdf/10.1007/s12525-024-00714-2.pdf","yes","papers/Centralized_exchanges_vs_decentralized_exchanges_in_cryptocurrency_markets_A_systematic_literature_review.pdf"
