key,entry_type,doi,title,authors,year,venue,status,oa_status,oa_pdf_url,downloaded,file,lookup,notes
"aliyu2023blockchainbasedsmartfarm","article","10.3390/s23187992","Blockchain-Based Smart Farm Security Framework for the Internet of Things","Aliyu, Ahmed Abubakar and Liu, Jinshuo","2023","Sensors (Basel, Switzerland)","matched_existing_file","open","""","yes","papers/Blockchain_Based_Smart_Farm_Security_Framework_for_the_Internet_of_Things.pdf","""",""""
"wang2006wireless","article","10.1016/j.compag.2005.09.003","Wireless sensors in agriculture and food industry: Recent development and future perspective","Wang, Ning and Zhang, Naiqian and Wang, Maohua","2006","Computers and Electronics in Agriculture","matched_no_oa_pdf","closed","""","no","""","openalex_doi",""""
"rathi2025smart","article","10.3389/frcmn.2025.1587402","Smart agriculture resource allocation and energy optimization using bidirectional long short-term memory with ant colony optimization (Bi-LSTM–ACO)","Rathi, M. and Gomathy, C.","2025","Frontiers in Communications and Networks","matched_existing","open","""","yes","papers/Smart_agriculture_resource_allocation_and_energy_optimization_using_bidirectional_long_short_term_memory_with_.pdf","""",""""
"parhami2010computer","book","""","Computer Arithmetic: Algorithms and Hardware Designs","Parhami, Behrooz","2010","Oxford University Press","matched_no_oa_pdf","closed","""","no","""","openalex_title",""""
"gong2025edge","article","10.3390/s25175302","Edge Computing-Enabled Smart Agriculture: Technical Architectures, Practical Evolution, and Bottleneck Breakthroughs","Gong, Ran and Zhang, Hongyang and Li, Gang and He, Jiamin","2025","Sensors","matched_existing_file","open","""","yes","papers/Edge_Computing_Enabled_Smart_Agriculture_Technical_Architectures_Practical_Evolution_and_Bottleneck_Break.pdf","""",""""
"jin2025productivity","article","10.1016/j.atech.2025.101242","Efficient productivity prediction model based on edge data compression in smart farms","Jin, Peng and Du, Wenshuang and Jin, Wenquan","2025","Smart Agricultural Technology","matched","gold","""","no","""","openalex_doi","Open-access landing page found, but no direct PDF URL"
"amraouy2025ssi","article","10.1016/j.atech.2025.101654","A blockchain- and self-sovereign identity-based collaborative framework for secure and verifiable cross-organizational data sharing in smart irrigation","Amraouy, Okacha and Benbrahim, Mohammed and Kabbaj, Mohammed Nabil","2025","Smart Agricultural Technology","matched","gold","""","no","""","openalex_doi","Open-access landing page found, but no direct PDF URL"
"wang2025lora","article","10.1109/jiot.2022.3230505","A Survey on LoRa for Smart Agriculture: Current Trends and Future Perspectives","Pagano, Antonino and Croce, Daniele and Tinnirello, Ilenia and Vitale, Gianpaolo","2023","IEEE Internet of Things Journal","matched_existing","open","""","yes","papers/A_Survey_on_LoRa_for_Smart_Agriculture_Current_Trends_and_Future_Perspectives.pdf","""",""""
"chen2025compression","article","10.1093/comjnl/bxp118","An Efficient Lossless Compression Algorithm for Periodic Data in Wireless Sensor Networks","Marcelloni, Francesco and Vecchio, Massimo","2010","The Computer Journal","matched_no_oa_pdf","closed","""","no","""","openalex_doi",""""
"jaganmohan2026smart","article","10.3389/fbloc.2026.1766232","Smart agriculture 5.0: blockchain and reinforcement learning synergy for multicropping optimization and traceable IoT-enabled supply chains","Jagan Mohan, R. N. V. and Rayanoothala, P. S. Pravallika Sree and Praneetha Sree, R. P. R.","2026","Frontiers in Blockchain","matched_existing_file","open","""","yes","papers/Smart_agriculture_5_0_blockchain_and_reinforcement_learning_synergy_for_multicropping_optimization_and_tr.pdf","""",""""
"mcbratney2005future","article","10.1007/s11119-005-0681-8","Future directions of precision agriculture","McBratney, Alex and Whelan, Brett and Ancev, Tiho","2005","Precision Agriculture","matched_no_oa_pdf","closed","""","no","""","openalex_doi",""""
"zhang2002precision","article","10.1016/s0168-1699(02)00096-0","Precision agriculture: a worldwide overview","Zhang, Naiqian and Wang, Maohua and Wang, Ning","2002","Computers and Electronics in Agriculture","matched_no_oa_pdf","closed","""","no","""","openalex_doi",""""
"gebbers2010precision","article","10.1126/science.1183899","Precision agriculture and food security","Gebbers, Robin and Adamchuk, Viacheslav I.","2010","Science","matched_existing","open","""","yes","papers/Precision_Agriculture_and_Food_Security.pdf","""",""""
"bogena2010soil","article","10.1016/j.jhydrol.2007.06.032","Evaluation of a low-cost soil water content sensor for wireless network applications","Bogena, Heye R. and Huisman, Johan A. and Oberdörster, Christian and Vereecken, Harry","2010","Journal of Hydrology","matched_no_oa_pdf","closed","""","no","""","openalex_doi",""""
"pierce1999site","article","10.1016/s0065-2113(08)60513-1","Aspects of precision agriculture","Pierce, Francis J. and Nowak, Peter","1999","Advances in Agronomy","matched_no_oa_pdf","closed","""","no","""","openalex_doi",""""
"evans2008precision","article","""","Integration of wireless sensor network with variable rate irrigation technology","Evans, R. G. and Iversen, W. M. and Kim, Y.","2008","Proceedings of the ASABE Annual International Meeting","unresolved","unknown","""","no","""","""",""""
"aydin2021comprehensive","article","10.1109/access.2021.3129552","A comprehensive review of IoT and wireless sensor networks in precision agriculture","Aydin, Gokhan and Hall, Michael J.","2021","IEEE Access","unresolved","unknown","""","no","""","""",""""
"sharma2020edge","article","10.1109/jiot.2020.2977767","Live data analytics with collaborative edge and cloud processing in wireless IoT networks","Sharma, Sandeep K. and Wang, Xianbin","2020","IEEE Internet of Things Journal","matched","gold","http://orbilu.uni.lu/handle/10993/40066","no","""","openalex_title","OA PDF download failed"
"liu2019edge","article","10.1109/mnet.2019.1800254","Intelligent edge computing for IoT-based energy management in smart cities","Liu, Yang and Yang, Cheng and Jiang, Li and Xie, Shengli and Zhang, Yan","2019","IEEE Network","matched_no_oa_pdf","closed","""","no","""","openalex_doi",""""
"wang2021edge","article","10.1109/comst.2020.2970550","Convergence of edge computing and deep learning: A comprehensive survey","Wang, Xiaofei and Han, Yi and Leung, Victor C. M. and Niyato, Dusit and Yan, Xueqiang and Chen, Xu","2021","IEEE Communications Surveys \& Tutorials","matched_existing_file","open","""","yes","papers/Convergence_of_edge_computing_and_deep_learning_A_comprehensive_survey.pdf","""",""""
"van2020review","article","10.1016/j.compag.2020.105709","Crop yield prediction using machine learning: A systematic literature review","Van Klompenburg, Thomas and Kassahun, Ayalew and Catal, Cagatay","2020","Computers and Electronics in Agriculture","matched","hybrid","https://www.sciencedirect.com/science/article/pii/S0168169920302301/pdf","no","""","openalex_doi","OA location did not return a PDF"
"mohanty2016using","article","10.3389/fpls.2016.01419","Using deep learning for image-based plant disease detection","Mohanty, Sharada P. and Hughes, David P. and Salathé, Marcel","2016","Frontiers in Plant Science","matched_existing","open","""","yes","papers/Using_Deep_Learning_for_Image_Based_Plant_Disease_Detection.pdf","""",""""
"goap2018iot","article","10.1016/j.compag.2018.09.040","An IoT based smart irrigation management system using Machine learning and open source technologies","Goap, Amarendra and Sharma, Dinesh and Shukla, A. K. and Rama Krishna, C.","2018","Computers and Electronics in Agriculture","matched_no_oa_pdf","closed","""","no","""","openalex_doi",""""
"chlingaryan2018machine","article","10.1016/j.compag.2018.05.012","Machine learning approaches for crop yield prediction and nitrogen status estimation in precision agriculture: A review","Chlingaryan, Anna and Sukkarieh, Salah and Whelan, Brett","2018","Computers and Electronics in Agriculture","matched_no_oa_pdf","closed","""","no","""","openalex_doi",""""
"tian2017supply","inproceedings","10.1109/icsssm.2017.7996119","A supply chain traceability system for food safety based on HACCP, blockchain & Internet of Things","Tian, Feng","2017","Proceedings of the 2017 International Conference on Service Systems and Service Management (ICSSSM)","matched_no_oa_pdf","closed","""","no","""","openalex_doi",""""
"amdahl1967validity","inproceedings","10.1145/1465482.1465560","Validity of the single processor approach to achieving large scale computing capabilities","Amdahl, Gene M.","1967","Proceedings of the April 18-20, 1967, Spring Joint Computer Conference","matched_no_oa_pdf","closed","""","no","""","openalex_doi",""""
"espressif2020esp32","manual","""","ESP32 Technical Reference Manual","Espressif Systems","2020","""","unresolved","unknown","""","no","""","""",""""
"oh2025foodsafety","article","10.3390/s23115342","The Role of Blockchain Technology in Promoting Traceability Systems in Agri-Food Production and Supply Chains","Bosona, Techane and Gebresenbet, Girma","2023","Sensors","matched_existing","open","""","yes","papers/The_Role_of_Blockchain_Technology_in_Promoting_Traceability_Systems_in_Agri_Food_Production_and_Supply_Chains.pdf","""",""""
"kamilaris2019rise","article","10.1016/j.tifs.2019.07.034","The rise of blockchain technology in agriculture and food supply chains","Kamilaris, Andreas and Fonts, Agusti and Prenafeta-Boldó, Francesc X.","2019","Trends in Food Science \& Technology","matched_existing_file","open","""","yes","papers/The_rise_of_blockchain_technology_in_agriculture_and_food_supply_chains.pdf","""",""""
"galvez2018future","article","10.1016/j.trac.2018.08.011","Future challenges on the use of blockchain for food traceability analysis","Galvez, Juan F. and Mejuto, Javier and Simal-Gandara, Jesus","2018","TrAC Trends in Analytical Chemistry","matched_no_oa_pdf","closed","""","no","""","openalex_doi",""""
"lin2018blockchain","inproceedings","10.1145/3265689.3265692","Blockchain and IoT based food traceability system for smart agriculture","Lin, Jian and Shen, Zhiqi and Zhang, Anting and Chai, Yi","2018","Proceedings of the 3rd International Conference on Crowd Science and Engineering","matched","green","https://dr.ntu.edu.sg/bitstream/10356/137329/2/Blockchain%20and%20IoT%20based%20Food%20Traceability%20for%20Smart%20Agriculture-AcceptedVersion.pdf","no","""","openalex_doi","OA location did not return a PDF"
"ferrag2020security","article","10.1109/access.2020.2973178","Security and privacy for green IoT-based agriculture: Review, blockchain solutions, and challenges","Ferrag, Mohamed Amine and Shu, Lei and Yang, Xianjun and Derhab, Abdelouahid and Maglaras, Leandros","2020","IEEE Access","matched_existing","open","""","yes","papers/Security_and_Privacy_for_Green_IoT_Based_Agriculture_Review_Blockchain_Solutions_and_Challenges.pdf","""",""""
"haque2024scalable","article","10.1111/exsy.13382","Conceptualizing smart city applications: Requirements, architecture, security issues, and emerging trends","Haque, Abu Bakar and Bhushan, Bharat and Dhiman, Gaurav","2024","Expert Systems","matched","bronze","https://onlinelibrary.wiley.com/doi/pdfdirect/10.1111/exsy.13382","no","""","openalex_doi","OA location did not return a PDF"
"rama2021systematic","article","10.1016/j.matpr.2021.06.253","A systematic review of blockchain technology for agriculture supply chain management","Rama, R. and Kanchana, V. and Sivasankari, N. and Prabha, S.","2021","Materials Today: Proceedings","matched_no_oa_pdf","closed","""","no","""","openalex_doi",""""
"patil2022blockchain","article","10.1109/access.2022.3142563","A framework for blockchain-based smart farming system using IoT","Patil, Akshay S. and Tama, Bayu Adhi and Park, YoungHo and Rhee, Kyung-Hyune","2022","IEEE Access","unresolved","unknown","""","no","""","""",""""
"li2018lossless","article","10.1016/j.jii.2018.01.005","5G Internet of Things: A survey","Li, Shancang and Da Xu, Li and Zhao, Shanshan","2018","Journal of Industrial Information Integration","matched","green","http://eprints.uwe.ac.uk/34737/1/IoT5m.pdf","no","""","openalex_doi","OA PDF download failed"
"kjellsson2008adaptive","article","10.1145/1362542.1362545","Adaptive sampling for sensor networks","Kjellsson, Jesper and Zakhor, Avideh","2008","ACM Transactions on Sensor Networks","matched_no_oa_pdf","closed","""","no","""","openalex_doi",""""
"ding1996remainder","book","10.1142/2893","Chinese Remainder Theorem: Applications in Computing, Coding, Cryptography","Ding, Cunsheng and Pei, Dingyi and Salomaa, Arto","1996","World Scientific Publishing","matched_no_oa_pdf","closed","""","no","""","openalex_doi",""""
"garner1959residue","article","10.1109/tec.1959.5219515","The residue number system","Garner, Harvey L.","1959","IRE Transactions on Electronic Computers","matched_no_oa_pdf","closed","""","no","""","openalex_doi",""""
"goldreich1999china","inproceedings","10.1145/301250.301308","Chinese remaindering with errors","Goldreich, Oded and Ron, Dana and Sudan, Madhu","1999","Proceedings of the 31st Annual ACM Symposium on Theory of Computing","unresolved","unknown","""","no","""","""",""""
"wang2018novel","article","10.3390/s18041057","A novel data compression method for wireless sensor networks","Wang, Yong and Chen, Irene and Wang, Dazhi","2018","Sensors","matched_existing","open","""","yes","papers/Design_of_Dual_Mode_Local_Oscillators_Using_CMOS_Technology_for_Motion_Detection_Sensors.pdf","""",""""
"marcelloni2009energy","article","10.1109/lcomm.2008.080300","A simple algorithm for data compression in wireless sensor networks","Marcelloni, Francesco and Vecchio, Massimo","2008","IEEE Communications Letters","matched_no_oa_pdf","closed","""","no","""","openalex_doi",""""
"sanchez2021energy","article","10.3390/s21041209","Energy-efficient data transmission in wireless sensor networks for precision agriculture","Sanchez, Sergio and Blanc, Sylvie and Yuste, Pedro and Serrano, Juan J.","2021","Sensors","matched_existing","open","""","yes","papers/Natural_Frequencies_Identification_by_FEM_Applied_to_a_2_DOF_Planar_Robot_and_Its_Validation_Using_MUSIC_Algor.pdf","""",""""
"heinzelman2000energy","inproceedings","10.1109/hicss.2000.926982","Energy-efficient communication protocol for wireless microsensor networks","Heinzelman, Wendi Rabiner and Chandrakasan, Anantha and Balakrishnan, Hari","2000","Proceedings of the 33rd Annual Hawaii International Conference on System Sciences","matched_no_oa_pdf","closed","""","no","""","openalex_doi",""""
"bor2016lorawan","inproceedings","10.1145/2988287.2989163","Do LoRa Low-Power Wide-Area Networks Scale?","Bor, Martin C. and Roedig, Utz and Voigt, Thiemo and Alonso, Juan M.","2016","Proceedings of the 19th ACM International Conference on Modeling, Analysis and Simulation of Wireless and Mobile Systems (MSWiM)","matched","gold","http://dl.acm.org/ft_gateway.cfm?id=2989163&type=pdf","no","""","openalex_doi","OA PDF download failed"
"adelantado2017understanding","article","10.1109/mcom.2017.1600613","Understanding the limits of LoRaWAN","Adelantado, Ferran and Vilajosana, Xavier and Tuset-Peiro, Pere and Martinez, Borja and Melia-Segui, Joan and Watteyne, Thomas","2017","IEEE Communications Magazine","matched_existing_file","open","""","yes","papers/Understanding_the_limits_of_LoRaWAN.pdf","""",""""
"li2020performance","article","10.1109/jiot.2020.2999323","Performance analysis of LoRa networks for smart agriculture","Li, Shancang and Li, Jie and Liu, Jia and Wang, Hao and Zhao, Shanshan","2020","IEEE Internet of Things Journal","unresolved","unknown","""","no","""","""",""""
"raj2017comprehensive","article","""","A comprehensive study on LoRa technology for wireless sensor networks","Raj, Emilin Renu and Prasad, D. V.","2017","International Journal of Advanced Research in Computer Science","unresolved","unknown","""","no","""","""",""""
"akylidiz2005wirelessmesh","article","10.1109/mcom.2005.1509968","A survey on wireless mesh networks","Akyildiz, Ian F. and Wang, Xudong","2005","IEEE Communications Magazine","matched_no_oa_pdf","closed","""","no","""","openalex_doi",""""
"schmidt2010batman","inproceedings","10.4108/icst.tridentcom2010.8784","B.A.T.M.A.N. advanced: The new beginning of mesh networking","Schmidt, Thomas and Wählisch, Matthias and Liers, Andreas and Jopen, Michael","2010","Proceedings of the 5th International Conference on Testbeds and Research Infrastructures for the Development of Networks and Communities","unresolved","unknown","""","no","""","""",""""
"chettri2020comprehensive","article","10.1109/jiot.2019.2948888","A comprehensive survey on Internet of Things (IoT) toward 5G wireless systems","Chettri, Lalit and Bera, Rabindra","2020","IEEE Internet of Things Journal","matched_no_oa_pdf","closed","""","no","""","openalex_doi",""""
"xu2016blockchain","inproceedings","10.1109/icsa.2016.15","The blockchain as a software connector","Xu, Xiaolong and Pautasso, Cesare and Zhu, Liming and Gramoli, Vincent and Ponomarev, Alexander and Tran, An B. and Chen, Shiping","2016","Proceedings of the 13th IEEE International Conference on Software Architecture","matched_no_oa_pdf","closed","""","no","""","openalex_title",""""
"salah2019blockchain","article","10.1109/access.2019.2918000","Blockchain-based soybean traceability in agricultural supply chain","Salah, Khaled and Nizamuddin, Nishara and Jayaraman, Raja and Omar, Mohammed","2019","IEEE Access","matched_existing_file","open","""","yes","papers/Blockchain_based_soybean_traceability_in_agricultural_supply_chain.pdf","""",""""
"zhang2019blockchain","inproceedings","10.1109/iemcon.2019.8936228","Blockchain for IoT-based smart agriculture","Zhang, Peng and Schmidt, Douglas C. and White, Jules and Dubey, Abhishek","2019","Proceedings of the IEEE 10th Annual Information Technology, Electronics and Mobile Communication Conference (IEMCON)","matched_no_oa_pdf","closed","""","no","""","openalex_doi",""""
"zhang2015prosper","article","10.1016/j.compag.2015.10.008","PROSPER: A process mining-based framework for agricultural product traceability","Zhang, Xiaoshuan and Zhang, Jian and Li, Ling and Zhang, Yande","2015","Computers and Electronics in Agriculture","matched_no_oa_pdf","closed","""","no","""","openalex_doi",""""
"fao2050","misc","""","The future of food and agriculture: Trends and challenges","Food and Agriculture Organization of the United Nations","2017","""","matched_no_oa_pdf","closed","""","no","""","openalex_title",""""
"un_water2023","misc","""","Water for a Sustainable World","United Nations World Water Development Report","2023","""","matched_no_oa_pdf","closed","""","no","""","openalex_title",""""
"tunisia_water_report","misc","""","National Water Strategy 2050","Tunisian Ministry of Agriculture","2022","""","unresolved","unknown","""","no","""","""",""""
"mdpi_tunisia_tomato","article","10.3390/agriculture11100927","Effects of Water Deficit on Growth, Physiology and Fruit Quality Traits of Two Contrasting Tomato (Solanum lycopersicum L.) Genotypes","Boukhriss, Monia and Marzouk, Arwa and Cherif, Ines and Gaalich, Badr and Triki, Tarek and Zoghlami, Nihed","2021","Agriculture","matched_existing_file","open","""","yes","papers/Effects_of_Water_Deficit_on_Growth_Physiology_and_Fruit_Quality_Traits_of_Two_Contrasting_Tomato_Solanum_.pdf","""",""""
"jaeid_pepper","article","10.21273/hortsci15060-20","Capsicum Production and Quality: A Review","Ib\'a\~nez, M. Victoria and Muy-Rangel, M. Dolores and Gonz\'alez-Aguilar, Gustavo A. and Heredia, J. Basilio","2020","HortScience","unresolved","unknown","""","no","""","""",""""
"fao_tomato_guide","misc","""","Good Agricultural Practices for Greenhouse Tomato Production","Food and Agriculture Organization","2013","""","unresolved","unknown","""","no","""","""",""""
"odounfa2025chili","article","10.1007/s44163-025-00583-4","Deep learning enables precision agriculture for sustainable chili pepper disease detection in Benin","Odounfa, Mireille Gloria Founmilayo and Hounmenou, Castro Gbêmêmali and Salako, Valère Kolawolé and Affokpon, Antoine and Glèlè Kakaï, Romain L.","2025","Discover Artificial Intelligence","matched_existing_file","open","""","yes","papers/Deep_learning_enables_precision_agriculture_for_sustainable_chili_pepper_disease_detection_in_Benin.pdf","""",""""
"pmc2025blockchainhcps","article","10.3390/s23187992","Blockchain-Based Smart Farm Security Framework for the Internet of Things","Aliyu, Ahmed Abubakar and Liu, Jinshuo","2023","Sensors","matched_existing_file","open","""","yes","papers/Blockchain_Based_Smart_Farm_Security_Framework_for_the_Internet_of_Things.pdf","""",""""
"safeer2024tomato","article","10.3390/agriculture14071120","Blockchain-backed sustainable management of the Italian tomato processing industry","Safeer, Sajid and Ricciardi, Paolo and Romano, Alessandro and Russo, Guido","2024","Agriculture","matched_existing_file","open","""","yes","papers/Blockchain_backed_sustainable_management_of_the_Italian_tomato_processing_industry.pdf","""",""""
"tang2024feasibility","article","10.1016/j.heliyon.2024.e34584","Assessing blockchain and IoT technologies for agricultural food supply chains in Africa: A feasibility analysis","Tang, Andrews and Tchao, Eric Tutu and Agbemenu, Andrew Selasi and Keelson, Eliel and Klogo, Griffith Selorm and Kponyo, Jerry John","2024","Heliyon","matched","gold","http://www.cell.com/article/S2405844024106159/pdf","no","""","openalex_doi","OA PDF download failed"
"wang2025hcps","article","10.1002/advs.202503102","Blockchain-empowered H-CPS architecture for smart agriculture","Wang, Xiaoding and Wu, Qibin and Zeng, Haitao and Yang, Xu and Cui, Hui and Yi, Xun and Piran, Md Jalil and Luo, Ming and Que, Youxiong","2025","Advanced Science","matched","open","https://advanced.onlinelibrary.wiley.com/doi/pdf/10.1002/advs.202503102","no","""","openalex_doi+crossref_cc","OA location did not return a PDF"
"wang2025pepper","article","10.1186/s13007-025-01387-4","An advanced deep learning method for pepper diseases and pests detection","Wang, Xuewei and Liu, Jun and Chen, Qian","2025","Plant Methods","downloaded","gold","https://plantmethods.biomedcentral.com/counter/pdf/10.1186/s13007-025-01387-4","yes","papers/An_advanced_deep_learning_method_for_pepper_diseases_and_pests_detection.pdf","openalex_doi",""""
"zhang2022lorawan","article","10.1016/j.atech.2022.100053","LoRaWAN-based Internet of Things (IoT) system for precision irrigation in plasticulture fresh-market tomato","Zhang, Haozhe and He, Long and Di Gioia, Francesco and Choi, Daeun and Elia, Antonio and Heinemann, Paul","2022","Smart Agricultural Technology","matched","gold","https://www.sciencedirect.com/science/article/pii/S2772375522000181/pdf","no","""","openalex_doi","OA location did not return a PDF"
"chapungo2025lorawan","article","10.3390/s25196027","Experimental Evaluation of LoRaWAN Connectivity Reliability in Remote Rural Areas of Mozambique","Chapungo, Nelson Jos\'e and Postolache, Octavian","2025","Sensors","downloaded","gold","https://www.mdpi.com/1424-8220/25/19/6027/pdf?version=1759300747","yes","papers/Experimental_Evaluation_of_LoRaWAN_Connectivity_Reliability_in_Remote_Rural_Areas_of_Mozambique.pdf","openalex_doi",""""
"bicamumakuba2025lorawan","article","10.22765/pastj.20250003","IoT-enabled LoRaWAN gateway for monitoring and predicting spatial environmental parameters in smart greenhouses: A review","Bicamumakuba, Emmanuel and Habineza, Eliezel and Samsuzzaman and Reza, Md Nasim and Chung, Sun-Ok","2025","Precision Agriculture Science and Technology","unresolved","unknown","""","no","""","""",""""
"turlykozhayeva2024proactive","article","10.3390/telecom5040051","Experimental Performance Comparison of Proactive Routing Protocols in Wireless Mesh Network Using Raspberry Pi 4","Turlykozhayeva, Dana and Temesheva, S. and Ussipov, N. and Baigaliyeva, A.","2024","Telecom","downloaded","gold","https://www.mdpi.com/2673-4001/5/4/51/pdf?version=1728528740","yes","papers/Experimental_Performance_Comparison_of_Proactive_Routing_Protocols_in_Wireless_Mesh_Network_Using_Raspber.pdf","openalex_doi",""""
"vidhya2021crt","article","10.5120/ijca2021921556","Evaluation and Performance Analysis of Chinese Remainder Theorem and Its Application to Lossless Image Compression","Vidhya, P. and Brindha, R.","2021","International Journal of Computer Applications","matched_no_oa_pdf","closed","""","no","""","openalex_title",""""
"rahman2022rnsenergy","article","10.1109/iscas.1994.408967","Modulo-Free Architecture for Binary to Residue Number System Conversion for Moduli Set $\2^n, 2^n-1, 2^n-1-1\$","Pourbigharaz, Farideh and Yassine, Hossein M.","1994","1994 IEEE International Symposium on Circuits and Systems (ISCAS)","matched_no_oa_pdf","closed","""","no","""","openalex_doi",""""
"khan2023fuzzycrt","article","10.1049/iet-wss.2013.0025","Improving lifetime in wireless sensor networks using the Residue Number System","Buttigieg, Victor and Farrugia, Reuben A. and Zammit-Mangion, Christoph","2014","IET Wireless Sensor Systems","unresolved","unknown","""","no","""","""",""""
"liu2024hybridblockchain","article","10.1109/jiot.2020.2984478","Blockchain Technologies for the Internet of Things: Research Issues and Challenges","Ferrag, Mohamed Amine and Shu, Lei and Debbah, M\'erouane","2021","IEEE Internet of Things Journal","downloaded","green","https://arxiv.org/pdf/1806.09099","yes","papers/Blockchain_Technologies_for_the_Internet_of_Things_Research_Issues_and_Challenges.pdf","openalex_title",""""
"akylidiz2005wireless","article","10.1109/mcom.2005.1509968","A survey on wireless mesh networks","Akyildiz, Ian F. and Wang, Xudong","2005","IEEE Communications Magazine","matched_no_oa_pdf","closed","""","no","""","openalex_doi",""""
"dorri2017blockchain","article","10.1109/comst.2017.2694144","Blockchain in internet of things: challenges and solutions","Dorri, Ali and Kanhere, Salil S. and Jurdak, Raja","2017","IEEE Communications Surveys \& Tutorials","downloaded","green","https://arxiv.org/pdf/1608.05187","yes","papers/Blockchain_in_internet_of_things_challenges_and_solutions.pdf","openalex_title",""""
"nguyen2019blockchain","article","10.1109/percomw.2017.7917634","Blockchain for IoT Security and Privacy: The Case Study of a Smart Home","Dorri, Ali and Kanhere, Salil S. and Jurdak, Raja and Gauravaram, Praveen","2017","2017 IEEE International Conference on Pervasive Computing and Communications Workshops (PerCom Workshops)","matched_no_oa_pdf","closed","""","no","""","openalex_doi",""""
"schmidt2010b.a.t.m.a.n.","article","10.1109/ccnc.2010.5421784","B.A.T.M.A.N. for mobile ad-hoc networks","Schmidt, A. and Westenberger, M. and Seitz, J. and Kuladinithi, K. and Timm-Giel, A.","2010","Proceedings of IEEE CCNC","matched_no_oa_pdf","closed","""","no","""","openalex_doi",""""
"van2017review","article","10.1016/j.compag.2020.105709","Crop yield prediction using machine learning: A systematic literature review","Van Klompenburg, Theo and Kassahun, Ayalew and Catal, Cagatay","2020","Computers and Electronics in Agriculture","matched","hybrid","https://www.sciencedirect.com/science/article/pii/S0168169920302301/pdf","no","""","openalex_doi","OA location did not return a PDF"
"xu2020making","article","10.1109/mnet.011.2000111","Making IoT fly: Blockchain-empowered cooperative air-ground networks","Xu, Ronghua and Chen, Jianhua and Blasch, Erik and Chen, Genshe","2020","IEEE Network","unresolved","unknown","""","no","""","""",""""
"lin2020blockchain","article","10.1145/3265689.3265692","Blockchain and IoT based Food Traceability for Smart Agriculture","Lin, J. and Shen, Z. and Zhang, A. and Chai, Y.","2018","Proceedings of the 3rd International Conference on Crowd Science and Engineering","matched","green","https://dr.ntu.edu.sg/bitstream/10356/137329/2/Blockchain%20and%20IoT%20based%20Food%20Traceability%20for%20Smart%20Agriculture-AcceptedVersion.pdf","no","""","openalex_doi","OA location did not return a PDF"
"ferrag2020blockchain","article","10.1109/jiot.2020.2984478","Blockchain Technologies for the Internet of Things: Research Issues and Challenges","Ferrag, M. A. and Shu, L. and Debbah, M.","2020","IEEE Internet of Things Journal","matched_existing_file","open","""","yes","papers/Blockchain_Technologies_for_the_Internet_of_Things_Research_Issues_and_Challenges.pdf","""",""""
"tian2016agri","article","10.1109/icsssm.2016.7538424","An Agri-Food Supply Chain Traceability System for China Based on RFID and Blockchain Technology","Tian, F.","2016","2016 13th International Conference on Service Systems and Service Management","matched_no_oa_pdf","closed","""","no","""","openalex_doi",""""
"kamilaris2019agri","article","10.1016/j.tifs.2019.07.034","The Rise of Blockchain Technology in Agriculture and Food Supply Chains","Kamilaris, A. and Fonts, A. and Prenafeta-Bold\'u, F. X.","2019","Trends in Food Science \& Technology","downloaded","hybrid","https://arxiv.org/pdf/1908.07391","yes","papers/The_Rise_of_Blockchain_Technology_in_Agriculture_and_Food_Supply_Chains.pdf","openalex_doi",""""
"benedict2021decentralized","article","10.1016/j.cose.2018.06.004","Bubbles of Trust: A decentralized blockchain-based authentication system for IoT","Hammi, Mohamed Tahar and Hammi, Badis and Bellot, Patrick and Serhrouchni, Ahmed","2018","Computers \& Security","matched_no_oa_pdf","closed","""","no","""","openalex_doi",""""
"tian2017traceability","article","10.1109/icasi.2017.7988632","A Supply Chain Traceability System for Food Safety Based on HACCP, Blockchain, and RFID","Tian, F.","2017","2017 International Conference on Applied System Innovation","unresolved","unknown","""","no","""","""",""""
"reyna2018blockchain","article","10.1016/j.future.2018.05.046","On Blockchain and Its Integration with IoT: Challenges and Opportunities","Reyna, A. and Martín, C. and Chen, J. and Soler, E. and Díaz, M.","2018","Future Generation Computer Systems","matched","hybrid","https://www.sciencedirect.com/science/article/pii/S0167739X17329205/pdf","no","""","openalex_doi","OA location did not return a PDF"
"acclima2022tdr","article","""","TDR-315N Soil Moisture Sensor Specifications","Acclima Inc.","2022","Acclima Datasheet","unresolved","unknown","""","no","""","""",""""
"aosong2018dht22","article","""","DHT22 Temperature and Humidity Sensor Datasheet","AOSONG Electronics","2018","AOSONG Technical Documentation","unresolved","unknown","""","no","""","""",""""
"adi2013ph","article","""","Low-Power Soil pH Measurement Techniques","Analog Devices","2013","Analog Devices Application Note","unresolved","unknown","""","no","""","""",""""
"components1012020bh1750","article","""","BH1750 Light Sensor Module","Components101","2020","Components101","unresolved","unknown","""","no","""","""",""""
"byrne2022bh1750","article","""","Calibrating the BH1750 for PAR Measurement","Byrne, M.","2022","IotaWatt Engineering Blog","unresolved","unknown","""","no","""","""",""""
"adafruit2016rfm95w","article","""","RFM95W LoRa Radio Transceiver","Adafruit Industries","2016","Adafruit Product Guide","unresolved","unknown","""","no","""","""",""""
"rpi2023specs","article","""","Raspberry Pi 4 Model B Technical Specifications","Raspberry Pi Foundation","2023","Raspberry Pi Documentation","unresolved","unknown","""","no","""","""",""""
"waveshare2024sx1302","article","""","SX1302 LoRaWAN Gateway Module Overview","Waveshare Electronics","2024","Waveshare Wiki","unresolved","unknown","""","no","""","""",""""
"microsoft2023tpm","article","""","Trusted Platform Module (TPM) Technology Overview","Microsoft Corporation","2023","Microsoft Learn","unresolved","unknown","""","no","""","""",""""
"ttn2024eu868","article","""","EU868 LoRaWAN Frequency Plan","The Things Network","2024","TTN Documentation","unresolved","unknown","""","no","""","""",""""
"loraalliance2021regional","article","""","LoRaWAN Regional Parameters v1.0","LoRa Alliance","2021","LoRa Alliance Technical Specification","unresolved","unknown","""","no","""","""",""""
"meshunderground2025","misc","""","Building a Self-Healing Raspberry Pi Mesh Using BATMAN-adv","Mesh Underground","2025","""","unresolved","unknown","""","no","""","""",""""
"kishore2015mesh","article","""","Performance Evaluation of Mesh Protocols in Real-Time Test Beds","Kishore, D. M.","2015","International Research Journal of Engineering and Technology","unresolved","unknown","""","no","""","""",""""
"cpalgCRT","misc","""","Chinese Remainder Theorem --- cp\_algorithms","Kamil Debowski and others","2024","""","unresolved","unknown","""","no","""","""",""""
"garnersAlgorithm","misc","""","Garner's Algorithm --- cp\_algorithms","Kamil Debowski and others","2024","""","unresolved","unknown","""","no","""","""",""""
"orderingServiceDoc","misc","""","Ordering Service Documentation","Hyperledger Fabric Team","2024","""","unresolved","unknown","""","no","""","""",""""
"ibmFabric","misc","""","Hyperledger Fabric Overview","IBM","2023","""","unresolved","unknown","""","no","""","""",""""
"mdpiAccessControl","article","10.3390/s22205981","Hyperledger Fabric Access Control System for IoT Layer in Blockchain-Based Applications","Długosz, Pawel and others","2022","Sensors","unresolved","unknown","""","no","""","""",""""
"mediumChaincode","misc","""","Explained: Chaincode in Hyperledger Fabric","Kaur, Manpreet","2020","""","unresolved","unknown","""","no","""","""",""""
"privateDataDoc","misc","""","Private Data Collections Documentation","Hyperledger Fabric Team","2024","""","unresolved","unknown","""","no","""","""",""""
"johnny2024tomato","misc","""","How to Grow Tomatoes from Seed","Johnny's Selected Seeds","2024","""","unresolved","unknown","""","no","""","""",""""
"seedco2021tomato","misc","""","Field Tomato Production Guide","Prime SeedCo","2021","""","unresolved","unknown","""","no","""","""",""""
"iclTomato","misc","10.1007/s11356-020-10461-4","Fertilizers for Tomato","ICL Growing Solutions","2023","""","downloaded","hybrid","https://link.springer.com/content/pdf/10.1007/s11356-020-10461-4.pdf","yes","papers/Fertilizers_for_Tomato.pdf","openalex_title",""""
"UCIPM2024","misc","""","Fertilization: Tomato Pest Management Guidelines","UC ANR Statewide Integrated Pest Management Program","2024","""","unresolved","unknown","""","no","""","""",""""
"MU2020tomato","misc","""","Growing Home Garden Tomatoes","University of Missouri Extension","2020","""","matched","green","https://hdl.handle.net/10355/51063","no","""","openalex_title","OA location did not return a PDF"
"UNebraska2008peppers","misc","""","Garden Peppers (NebGuide G1879)","Lindgren, Dale T. and Hodges, Laurie and Browning, Sarah J.","2008","""","unresolved","unknown","""","no","""","""",""""
"Rutgers2025peppers","misc","""","Peppers — Mid-Atlantic Commercial Vegetable Production Recommendations 2024/2025","Rutgers Cooperative Extension","2024","""","unresolved","unknown","""","no","""","""",""""
"shimray2019kingchili","article","10.20546/ijcmas.2019.808.318","Effect of Spacing and Nutrient Management on Growth and Yield of King Chilli (Capsicum chinense)","Shimray, Akhoki G. and others","2019","Int. J. Curr. Microbiol. App. Sci.","matched","diamond","https://www.ijcmas.com/8-8-2019/Akhoki G. Shimray, et al.pdf","no","""","openalex_title","OA location did not return a PDF"
"mozambique2021lorawan","article","10.1016/j.comcom.2020.10.009","A Study of LoRaWAN Protocol Performance for IoT Applications in Smart Agriculture","Bouaziz, Maha and Rachedi, Abderrezak and Belghith, Aref","2020","Computer Communications","matched_no_oa_pdf","closed","""","no","""","openalex_doi",""""
"centenaro2016lorawanlimits","article","""","Long-range communications in unlicensed bands: The LoRa technology","Centenaro, Marco and Vangelista, Lorenzo and Zanella, Andrea and Zorzi, Michele","2016","IEEE Wireless Communications","unresolved","unknown","""","no","""","""",""""
"greenbeans2013sensor","article","10.1016/j.scienta.2018.10.037","Physiological response of red pepper to different irrigation regimes under drip irrigation in the Mediterranean region of Turkey","Sezen, S. M. and Yazar, A. and Tekin, S. and Eker, S. and Kapur, B.","2019","Scientia Horticulturae","matched_no_oa_pdf","closed","""","no","""","openalex_doi",""""
"irrigation2022smart","article","10.1016/j.compag.2018.09.040","An IoT based smart irrigation management system using Machine learning and open source technologies","Goap, Amarendra and Sharma, Dinesh and Shukla, A. K. and Rama Krishna, C.","2018","Computers and Electronics in Agriculture","matched_no_oa_pdf","closed","""","no","""","openalex_doi",""""
"pepper2021moisturecontrol","article","10.1016/j.agwat.2005.04.008","Effect of drip and sprinkler irrigation on yield and quality of field grown bell pepper","Sezen, S. M. and Yazar, A. and Eker, S.","2006","Agricultural Water Management","matched_no_oa_pdf","closed","""","no","""","openalex_doi",""""
"capsicumspacing2017study","article","10.21273/horttech.16.2.0283","Drip-irrigated pepper production in Florida","Simonne, Eric and Studstill, David W. and Hochmuth, Robert C. and Olczyk, Tom and Webb, Sidney E.","2006","HortTechnology","unresolved","unknown","""","no","""","""",""""
"precision2020yield","article","10.1016/j.agwat.2009.08.021","Effects of soil water deficit on yield and quality of processing tomato under a Mediterranean climate","Patanè, Cristina and Cosentino, Salvatore L.","2010","Agricultural Water Management","matched_no_oa_pdf","closed","""","no","""","openalex_doi",""""
"iotreview2021productivity","article","10.1109/access.2021.3129552","A comprehensive review of IoT and wireless sensor networks in precision agriculture","Aydin, Gokhan and Hall, Michael J.","2021","IEEE Access","unresolved","unknown","""","no","""","""",""""
"pepperquality2019irrigation","article","10.1016/j.eja.2006.08.004","Yield response and N-fertiliser recovery of tomato grown under deficit irrigation","Topcu, Suat and Kirda, Cengiz and Dasgan, Yildiz and Kaman, Haluk and Cetin, Mehmet and Yazici, Ali and Bacon, Michael A.","2007","European Journal of Agronomy","matched_no_oa_pdf","closed","""","no","""","openalex_doi",""""
"labor2025smartplantation","article","10.3389/frcmn.2025.1587402","Smart agriculture resource allocation and energy optimization using bidirectional long short-term memory with ant colony optimization (Bi-LSTM--ACO)","Rathi, M. and Gomathy, C.","2025","Frontiers in Communications and Networks","matched_existing","open","""","yes","papers/Smart_agriculture_resource_allocation_and_energy_optimization_using_bidirectional_long_short_term_memory_with_.pdf","""",""""
"crtcompression2018","article","10.5120/ijca2021921556","Evaluation and Performance Analysis of Chinese Remainder Theorem and Its Application to Lossless Image Compression","Vidhya, P. and Brindha, R.","2021","International Journal of Computer Applications","matched_no_oa_pdf","closed","""","no","""","openalex_title",""""
"fabric2019performance","inproceedings","10.1145/3190508.3190538","Hyperledger Fabric: A Distributed Operating System for Permissioned Blockchains","Androulaki, Elli and Barger, Artem and Bortnikov, Vita and Cachin, Christian and Christidis, Konstantinos and De Caro, Angelo and Enyeart, David and Ferris, Christopher and Laventman, Gennady and Manevich, Yacov and Muralidharan, Srinivasan and Murthy, Chet and Nguyen, Binh and Sethi, Manish and Singh, Gari and Smith, Keith and Sorniotti, Alessandro and Stathakopoulou, Chrysoula and Vukoli\'c, Marko and Cocco, Sharon Weed and Yellick, Jason","2018","Proceedings of the 13th EuroSys Conference","matched","gold","https://dl.acm.org/doi/pdf/10.1145/3190508.3190538","no","""","openalex_doi","OA location did not return a PDF"
"lin2020blockchainIOT","article","10.1109/access.2020.2973178","Security and Privacy for Green IoT-Based Agriculture: Review, Blockchain Solutions, and Challenges","Ferrag, Mohamed Amine and Shu, Lei and Yang, Xianjun and Derhab, Abdelouahid and Maglaras, Leandros","2020","IEEE Access","matched_existing","open","""","yes","papers/Security_and_Privacy_for_Green_IoT_Based_Agriculture_Review_Blockchain_Solutions_and_Challenges.pdf","""",""""
"tian2017agri","article","""","A supply chain traceability system for food safety based on HACCP, blockchain \& Internet of Things","Tian, Feng","2017","2017 International Conference on Service Systems and Service Management","unresolved","unknown","""","no","""","""",""""
"kamilaris2018food","article","10.1016/j.tifs.2019.07.034","The Rise of Blockchain Technology in Agriculture and Food Supply Chains","Kamilaris, Andreas and Fonts, Agusti and Prenafeta-Bold\'u, Francesc X.","2019","Trends in Food Science \& Technology","matched_existing_file","open","""","yes","papers/The_Rise_of_Blockchain_Technology_in_Agriculture_and_Food_Supply_Chains.pdf","""",""""
"yuan2018cryptographic","article","10.1016/j.future.2018.05.046","On Blockchain and Its Integration with IoT: Challenges and Opportunities","Reyna, Ana and Mart\'in, Cristian and Chen, Jaime and Soler, Enrique and D\'iaz, Manuel","2018","Future Generation Computer Systems","matched","hybrid","https://www.sciencedirect.com/science/article/pii/S0167739X17329205/pdf","no","""","openalex_doi","OA location did not return a PDF"
"raza2018lorawan","article","10.3390/s18113995","A Survey of LoRaWAN for IoT: From Technology to Application","Haxhibeqiri, Jetmir and De Poorter, Eli and Moerman, Ingrid and Hoebeke, Jeroen","2018","Sensors","matched_existing","open","""","yes","papers/A_Survey_of_LoRaWAN_for_IoT_From_Technology_to_Application.pdf","""",""""
"ferdous2020decentralized","article","10.1109/access.2022.3142563","A Framework for Blockchain-Based Smart Farming System Using IoT","Patil, Akshay S. and Tama, Bayu Adhi and Park, YoungHo and Rhee, Kyung-Hyune","2022","IEEE Access","unresolved","unknown","""","no","""","""",""""
"shanhong2021water","article","10.1016/j.compag.2018.09.040","An IoT based smart irrigation management system using Machine learning and open source technologies","Goap, Amarendra and Sharma, Dinesh and Shukla, A. K. and Rama Krishna, C.","2018","Computers and Electronics in Agriculture","matched_no_oa_pdf","closed","""","no","""","openalex_doi",""""
"ali2022secureIOT","article","10.1109/access.2019.2918000","Blockchain-Based Soybean Traceability in Agricultural Supply Chain","Salah, Khaled and Nizamuddin, Nishara and Jayaraman, Raja and Omar, Mohammed","2019","IEEE Access","downloaded","gold","https://ieeexplore.ieee.org/ielx7/6287639/8600701/08718621.pdf","yes","papers/Blockchain_Based_Soybean_Traceability_in_Agricultural_Supply_Chain.pdf","openalex_doi",""""
"chatterjee2023precision","article","10.1016/j.agsy.2020.103046","Digital twins in smart farming","Verdouw, Cor and Tekinerdogan, Bedir and Beulens, Adrie and Wolfert, Sjaak","2021","Agricultural Systems","matched","hybrid","https://www.sciencedirect.com/science/article/pii/S0308521X20309070/pdf","no","""","openalex_doi","OA location did not return a PDF"
"gondchawar2016agriculture4","article","10.37255/jme.v16i3pp077-081","IOT Based Smart Agriculture","Gondchawar, Nikesh and Kawitkar, R. S.","2016","International Journal of Advanced Research in Computer and Communication Engineering","matched","diamond","https://smenec.org/index.php/1/article/download/319/285","no","""","openalex_title","OA location did not return a PDF"
"liu2024blockchainwater","article","10.1016/j.atech.2025.101654","A blockchain- and self-sovereign identity-based collaborative framework for secure and verifiable cross-organizational data sharing in smart irrigation","Amraouy, Okacha and Benbrahim, Mohammed and Kabbaj, Mohammed Nabil","2025","Smart Agricultural Technology","matched","gold","""","no","""","openalex_doi","Open-access landing page found, but no direct PDF URL"
"tar2023fabric","article","10.3390/s22134868","Experimental Performance Analysis of a Scalable Distributed Hyperledger Fabric for a Large-Scale IoT Testbed","Pajooh, Houshyar Honar and Rashid, Mohammad A. and Alam, Fakhrul and Demidenko, Serge","2022","Sensors","matched_existing","open","""","yes","papers/Experimental_Performance_Analysis_of_a_Scalable_Distributed_Hyperledger_Fabric_for_a_Large_Scale_IoT_Testbed.pdf","""",""""
"george2025review","article","10.1016/j.tifs.2019.07.034","The Rise of Blockchain Technology in Agriculture and Food Supply Chains","Kamilaris, Andreas and Fonts, Agusti and Prenafeta-Bold\'u, Francesc X.","2019","Trends in Food Science \& Technology","matched_existing_file","open","""","yes","papers/The_Rise_of_Blockchain_Technology_in_Agriculture_and_Food_Supply_Chains.pdf","""",""""
"singh2019iotSmartIrrigation","article","10.3390/s20041042","IoT-Based Smart Irrigation Systems: An Overview on the Recent Trends on Sensors and IoT Systems for Irrigation in Precision Agriculture","Garc\'ia, Laura and Parra, Lorena and Jimenez, Jose M. and Lloret, Jaime and Lorenz, Pascal","2020","Sensors","downloaded","gold","https://www.mdpi.com/1424-8220/20/4/1042/pdf?version=1581852410","yes","papers/IoT_Based_Smart_Irrigation_Systems_An_Overview_on_the_Recent_Trends_on_Sensors_and_IoT_Systems_for_Irriga.pdf","openalex_doi",""""
"pereira2023blockchainTrust","article","10.3390/s23187992","Blockchain-Based Smart Farm Security Framework for the Internet of Things","Aliyu, Ahmed Abubakar and Liu, Jinshuo","2023","Sensors","matched_existing_file","open","""","yes","papers/Blockchain_Based_Smart_Farm_Security_Framework_for_the_Internet_of_Things.pdf","""",""""
"xu2019survey","article","10.1016/j.tifs.2019.07.034","The Rise of Blockchain Technology in Agriculture and Food Supply Chains","Kamilaris, Andreas and Fonts, Agusti and Prenafeta-Bold\'u, Francesc X.","2019","Trends in Food Science \& Technology","matched_existing_file","open","""","yes","papers/The_Rise_of_Blockchain_Technology_in_Agriculture_and_Food_Supply_Chains.pdf","""",""""
"tia2020waterstress","article","10.1007/s11269-006-9111-6","Challenges to Manage the Risk of Water Scarcity and Climate Change in the Mediterranean","Iglesias, Ana and Garrote, Luis and Flores, Francisco and Moneo, Mercedes","2007","Water Resources Management","matched_no_oa_pdf","closed","""","no","""","openalex_doi",""""
"benali2024tunisiaWater","article","10.1002/ird.2492","Agriculture sustainability in arid lands of southern Tunisia: Ecological impacts of irrigation water quality and human practices","Dhaouadi, Latifa and Besser, Houda and Wassar, Fatma","2020","Irrigation and Drainage","matched_no_oa_pdf","closed","""","no","""","openalex_doi",""""
"perez2022iotBlockchainCase","article","10.1109/access.2020.2973178","Security and Privacy for Green IoT-Based Agriculture: Review, Blockchain Solutions, and Challenges","Ferrag, Mohamed Amine and Shu, Lei and Yang, Xianjun and Derhab, Abdelouahid and Maglaras, Leandros","2020","IEEE Access","matched_existing","open","""","yes","papers/Security_and_Privacy_for_Green_IoT_Based_Agriculture_Review_Blockchain_Solutions_and_Challenges.pdf","""",""""
"khan2021fabricCRT","article","10.1109/access.2022.3146851","Residue Number System-based Approach to Minimise Energy Consumption in Wireless Sensor Networks","Rahman, Md Atiqur and Hamzah, Faisal and Safdar, Ghazanfar Ali","2022","IEEE Access","matched","diamond","https://journalajrcos.com/index.php/AJRCOS/article/download/291/581","no","""","openalex_title","OA location did not return a PDF"
"cui2023ipfsFabric","article","10.3390/su10093149","Innovative Blockchain-Based Approach for Sustainable and Credible Environment in Food Trade: A Case Study in Shandong Province, China","Mao, Dandan and Hao, Zhenning and Wang, Fan and Li, Hao","2018","Sustainability","downloaded","gold","https://www.mdpi.com/2071-1050/10/9/3149/pdf?version=1536027929","yes","papers/Innovative_Blockchain_Based_Approach_for_Sustainable_and_Credible_Environment_in_Food_Trade_A_Case_Study_.pdf","openalex_doi",""""
"salmi2020rsa","article","10.1016/j.adhoc.2014.03.009","A novel user authentication and key agreement scheme for heterogeneous ad hoc wireless sensor networks, based on the Internet of Things notion","Turkanovi\'c, Muhamed and Brumen, Bo\vstjan and H\""olbl, Marko","2014","Ad Hoc Networks","matched_no_oa_pdf","closed","""","no","""","openalex_doi",""""
"sharma2018merkle","article","10.3745/jips.04.0022","Block-VN: A Distributed Blockchain Based Vehicular Network Architecture in Smart City","Sharma, Pradip Kumar and Moon, Seo Yeon and Park, Jong Hyuk","2017","JIPS: Journal of Information Processing Systems","matched","diamond","http://jips-k.org/journals/jips/digital-library/manuscript/file/22701/JIPS-2016-12-1-100.pdf","no","""","openalex_doi","OA PDF download failed"
"marjanovic2024traceability","article","10.1016/j.atech.2025.101654","A blockchain- and self-sovereign identity-based collaborative framework for secure and verifiable cross-organizational data sharing in smart irrigation","Amraouy, Okacha and Benbrahim, Mohammed and Kabbaj, Mohammed Nabil","2025","Smart Agricultural Technology","matched","gold","""","no","""","openalex_doi","Open-access landing page found, but no direct PDF URL"
"mohammed2025loraEnergy","article","10.3390/s23146332","An Advanced Energy-Efficient Environmental Monitoring in Precision Agriculture Using LoRa-Based Wireless Sensor Networks","Vukovic, Vukica and Raca, Darijo and Vukovic, Milan","2023","Sensors","matched_existing","open","""","yes","papers/An_Advanced_Energy_Efficient_Environmental_Monitoring_in_Precision_Agriculture_Using_LoRa_Based_Wireless_Senso.pdf","""",""""
"anderson2021iotBlockchain","article","10.1109/comst.2017.2694144","Blockchain in internet of things: challenges and solutions","Dorri, Ali and Kanhere, Salil S. and Jurdak, Raja","2017","IEEE Communications Surveys \& Tutorials","matched_existing_file","open","""","yes","papers/Blockchain_in_internet_of_things_challenges_and_solutions.pdf","""",""""
"zhao2023smartcontracts","article","10.1016/j.matpr.2021.06.253","A systematic review of blockchain technology for agriculture supply chain management","Rama, R. and Kanchana, V. and Sivasankari, N. and Prabha, S.","2021","Materials Today: Proceedings","matched_no_oa_pdf","closed","""","no","""","openalex_doi",""""
"williams2022savings","article","10.1016/j.compag.2020.105441","A review on monitoring and advanced control strategies for precision irrigation","Abioye, Emmanuel Abiodun and Abidin, Mohammad Shukri Zainal and Mahmud, Mohd Saiful Azimi and Buyamin, Salinda and Ishak, Mohamad Hafis Izran and Rahman, Muhammad Khairie Idham Abd and Otuoze, Abdulrahaman Okino and Onotu, Patrick and Ramli, Muhammad Shahrul Azwan","2020","Computers and Electronics in Agriculture","matched_no_oa_pdf","closed","""","no","""","openalex_doi",""""
"garrido2018mediterranean","article","10.1016/j.agwat.2015.03.014","Adaptation strategies for agricultural water management under climate change in Europe","Iglesias, Ana and Garrote, Luis","2015","Agricultural Water Management","matched","hybrid","""","no","""","openalex_doi","Open-access landing page found, but no direct PDF URL"
"adeloye2021tunisiaAgro","article","10.1093/jxb/erl165","Deficit irrigation for reducing agricultural water use","Fereres, Elias and Soriano, Mar\'ia Auxiliadora","2007","Journal of Experimental Botany","matched_no_oa_pdf","closed","""","no","""","openalex_doi",""""
"owusu2025iotAgri","article","10.1002/advs.202503102","Blockchain-Empowered H-CPS Architecture for Smart Agriculture","Wang, Xiaoding and Wu, Qibin and Zeng, Haitao and Yang, Xu and Cui, Hui and Yi, Xun and Piran, Md Jalil and Luo, Ming and Que, Youxiong","2025","Advanced Science","matched","open","https://advanced.onlinelibrary.wiley.com/doi/pdf/10.1002/advs.202503102","no","""","openalex_doi+crossref_cc","OA location did not return a PDF"
"rahman2019agriSecurity","article","10.1109/jiot.2017.2767291","Evaluating Critical Security Issues of the IoT World: Present and Future Challenges","Frustaci, Mario and Pace, Pasquale and Aloi, Gianluca and Fortino, Giancarlo","2018","IEEE Internet of Things Journal","matched","green","""","no","""","openalex_doi","Open-access landing page found, but no direct PDF URL"
"arshad2022blockchainBenefits","article","10.1016/j.csi.2011.03.004","A review of wireless sensors and networks' applications in agriculture","Aqeel-ur-Rehman and Abbasi, Asad Ullah and Islam, Nizar and Shaikh, Zubair Ahmed","2014","Computer Standards \& Interfaces","matched_no_oa_pdf","closed","""","no","""","openalex_doi",""""
"fernandez2024iotTamper","article","10.1007/3-540-48184-2_32","A Digital Signature Based on a Conventional Encryption Function","Merkle, Ralph C.","1988","Lecture Notes in Computer Science","matched_no_oa_pdf","closed","""","no","""","openalex_doi",""""
"jayaram2023hyperledger","inproceedings","10.1145/3190508.3190538","Hyperledger Fabric: A Distributed Operating System for Permissioned Blockchains","Androulaki, Elli and Barger, Artem and Bortnikov, Vita and Cachin, Christian and Christidis, Konstantinos and De Caro, Angelo and Enyeart, David and Ferris, Christopher and Laventman, Gennady and Manevich, Yacov and Muralidharan, Srinivasan and Murthy, Chet and Nguyen, Binh and Sethi, Manish and Singh, Gari and Smith, Keith and Sorniotti, Alessandro and Stathakopoulou, Chrysoula and Vukoli\'c, Marko and Cocco, Sharon Weed and Yellick, Jason","2018","Proceedings of the 13th EuroSys Conference","matched","gold","https://dl.acm.org/doi/pdf/10.1145/3190508.3190538","no","""","openalex_doi","OA location did not return a PDF"
"kim2023privacy","article","10.1109/spw.2015.27","Decentralizing Privacy: Using Blockchain to Protect Personal Data","Zyskind, Guy and Nathan, Oz and Pentland, Alex","2015","2015 IEEE Security and Privacy Workshops","downloaded","gold","https://ieeexplore.ieee.org/ielx7/7160794/7163193/07163223.pdf","yes","papers/Decentralizing_Privacy_Using_Blockchain_to_Protect_Personal_Data.pdf","openalex_doi",""""
"yang2021iotSensing","article","10.1016/j.biosystemseng.2017.09.007","Internet of Things in agriculture, recent advances and future challenges","Tzounis, Antonis and Katsoulas, Nikolaos and Bartzanas, Thomas and Kittas, Constantinos","2017","Biosystems Engineering","matched_no_oa_pdf","closed","""","no","""","openalex_doi",""""
"agri2024sensorAccuracy","article","10.3390/s21237964","Low-Cost IoT-Based Soil Monitoring System: Design and Accuracy Assessment","Molina-Cuevas, Alexander and Quijano-Velasco, William and Guerrero-Gonz\'alez, Antonio","2021","Sensors","downloaded","gold","https://www.mdpi.com/1424-8220/21/23/7964/pdf?version=1638347384","yes","papers/Low_Cost_IoT_Based_Soil_Monitoring_System_Design_and_Accuracy_Assessment.pdf","openalex_doi",""""
"saito2025blockchainWaterQuality","article","10.1109/access.2022.3208440","Distributed Control Architecture for Blockchain-Based IoT Water Quality Monitoring","Hung, Le Thanh and Kang, Seungwoo and Song, Jaeseung","2022","IEEE Access","unresolved","unknown","""","no","""","""",""""
"hassan2019iotSecurity","article","10.1109/access.2019.2949703","A Survey on the Role of IoT in Agriculture for the Implementation of Smart Farming","Farooq, M. S. and Riaz, Shamyla and Abid, Adnan and Abid, Kashif and Naeem, M. A.","2019","IEEE Access","downloaded","gold","https://ieeexplore.ieee.org/ielx7/6287639/8600701/08883163.pdf","yes","papers/A_Survey_on_the_Role_of_IoT_in_Agriculture_for_the_Implementation_of_Smart_Farming.pdf","openalex_doi",""""
"dube2024fabricIrrigation","inproceedings","10.1109/mascots.2018.00034","Performance Benchmarking and Optimizing Hyperledger Fabric Blockchain Platform","Thakkar, Parth and Nathan, Senthil and Vishwanathan, Balaji","2018","2018 IEEE 26th International Symposium on Modeling, Analysis, and Simulation of Computer and Telecommunication Systems (MASCOTS)","matched_existing","open","""","yes","papers/Performance_Benchmarking_and_Optimizing_Hyperledger_Fabric_Blockchain_Platform.pdf","""",""""
"garcia2021sensorFailures","article","10.1016/j.future.2015.09.021","Integration of Cloud computing and Internet of Things: A survey","Botta, Alessio and de Donato, Walter and Persico, Valerio and Pescap\'e, Antonio","2016","Future Generation Computer Systems","matched_no_oa_pdf","closed","""","no","""","openalex_doi",""""
"wei2024autonomousIrrigation","article","10.1007/s00271-011-0313-1","Advanced process control of irrigation: the current state and an analysis to aid future development","McCarthy, A. C. and Hancock, N. H. and Raine, S. R.","2013","Irrigation Science","matched_no_oa_pdf","closed","""","no","""","openalex_doi",""""
"liu2021traceableSupply","article","10.18174/426747","Blockchain for agriculture and food: Findings from the pilot study","Ge, Li and Brewster, Christopher and Spek, Jacco and Smeenk, Anton and Top, Jan","2017","Wageningen Economic Research Report","matched","gold","http://library.wur.nl/WebQuery/wurpubs/fulltext/426747","no","""","openalex_doi","OA PDF download failed"
"miller2020climateImpact","article","10.1016/j.agwat.2010.01.025","The irrigation of agricultural land in Italy: main economic implications and effects in an ongoing climate change","Dono, Gabriele and Giraldo, Luca and Severini, Simone","2010","Agricultural Water Management","matched_no_oa_pdf","closed","""","no","""","openalex_doi",""""
"ali2023farmDataTampering","article","10.3390/s23187992","Blockchain-Based Smart Farm Security Framework for the Internet of Things","Aliyu, Ahmed Abubakar and Liu, Jinshuo","2023","Sensors","matched_existing_file","open","""","yes","papers/Blockchain_Based_Smart_Farm_Security_Framework_for_the_Internet_of_Things.pdf","""",""""
"debruyne2022trust","article","10.1016/j.tele.2018.11.006","A systematic literature review of blockchain-based applications: Current status, classification and open issues","Casino, Fran and Dasaklis, Thomas K. and Patsakis, Constantinos","2019","Telematics and Informatics","matched","hybrid","https://www.sciencedirect.com/science/article/pii/S0736585318306324/pdf","no","""","openalex_doi","OA location did not return a PDF"
"akhtar2019sensingAccuracy","article","10.2136/vzj2012.0160","Evaluation of Standard Calibration Functions for Eight Electromagnetic Soil Moisture Sensors","Vaz, Carlos M. P. and Jones, Scott and Meding, Mace and Tuller, Markus","2013","Vadose Zone Journal","matched_no_oa_pdf","closed","""","no","""","openalex_doi",""""
"wen2025cropYield","article","10.1016/j.agwat.2015.09.011","Optimal model-based deficit irrigation scheduling using AquaCrop: A simulation study with cotton, potato and tomato","Linker, Raphael and Ioslovich, Ilya and Sylaios, Georgios and Plauborg, Finn and Battilani, Antonio","2016","Agricultural Water Management","matched_no_oa_pdf","closed","""","no","""","openalex_doi",""""
"pinto2024throughput","article","10.1002/nem.2099","FastFabric: Scaling Hyperledger Fabric to 20,000 Transactions per Second","Gorenflo, Christian and Lee, Stephen and Golab, Lukasz and Keshav, Srinivasan","2020","International Journal of Network Management","matched_no_oa_pdf","closed","""","no","""","openalex_doi",""""
"ogunleye2020iotBlockchain","article","10.1109/access.2019.2917555","Blockchain for Secure EHRs Sharing of Mobile Cloud Based E-Health Systems","Nguyen, Dinh C. and Pathirana, Pubudu N. and Ding, Ming and Seneviratne, Aruna","2019","IEEE Access","matched_existing","open","""","yes","papers/Blockchain_for_Secure_EHRs_Sharing_of_Mobile_Cloud_Based_E_Health_Systems.pdf","""",""""
"lopez2023remoteFailure","article","10.3390/s19102228","Design and Implementation of an Integrated IoT Blockchain Platform for Sensing Data Integrity","Hang, Lei and Kim, Do-Hyeun","2019","Sensors","matched","gold","""","no","""","openalex_doi","Open-access landing page found, but no direct PDF URL"
"suleiman2025agriculture5","article","10.3389/fbloc.2026.1766232","Smart agriculture 5.0: blockchain and reinforcement learning synergy for multicropping optimization and traceable IoT-enabled supply chains","Jagan Mohan, R. N. V. and Rayanoothala, P. S. Pravallika Sree and Praneetha Sree, R. P. R.","2026","Frontiers in Blockchain","matched_existing_file","open","""","yes","papers/Smart_agriculture_5_0_blockchain_and_reinforcement_learning_synergy_for_multicropping_optimization_and_tr.pdf","""",""""
"nguyen2022smartFarmingSC","article","10.1109/icsssm.2016.7538424","An agri-food supply chain traceability system for China based on RFID \& blockchain technology","Tian, Feng","2016","2016 International Conference on Service Systems and Service Management","matched_no_oa_pdf","closed","""","no","""","openalex_doi",""""
"bashir2023IoTWear","article","10.1016/j.compind.2020.103187","Agri-food 4.0: A survey of the supply chains and technologies for the future agriculture","Lezoche, Mario and Hernandez, Jorge E. and Diaz, Maria del Mar E. Alemany and Panetto, Herv\'e and Kacprzyk, Janusz","2020","Computers in Industry","matched","bronze","https://www.sciencedirect.com/science/article/am/pii/S0166361519307584","no","""","openalex_doi","OA location did not return a PDF"
"amada2025waterDemand","article","10.1073/pnas.1222474110","Constraints and potentials of future irrigation water availability on agricultural production under climate change","Elliott, Joshua and Deryng, Delphine and M\""uller, Christoph and Frieler, Katja and Konzmann, Markus and Gerten, Dieter and Glotter, Michael and Fl\""orke, Martina and Wada, Yoshihide and Best, Neil and Eisner, Stephanie and Fekete, Bal\'azs M. and Folberth, Christian and Foster, Ian and Gosling, Simon N. and Haddeland, Ingjerd and Khabarov, Nikolay and Ludwig, Fulco and Masaki, Yoshimitsu and Olin, Stefan and Rosenzweig, Cynthia and Ruane, Alex C. and Satoh, Yusuke and Schmid, Erwin and Stacke, Tobias and Tang, Qiuhong and Wisser, Dominik","2014","Proceedings of the National Academy of Sciences","matched","bronze","https://www.pnas.org/content/pnas/111/9/3239.full.pdf","no","""","openalex_doi","OA location did not return a PDF"
"zhu2017blockchainAgri","article","10.1109/icsssm.2017.7996119","A Supply Chain Traceability System for Food Safety Based on HACCP, Blockchain \& Internet of Things","Tian, Feng","2017","2017 International Conference on Service Systems and Service Management","matched_no_oa_pdf","closed","""","no","""","openalex_doi",""""
"jiang2024secureIPFS","article","10.1016/j.compeleceng.2019.03.014","Decentralized document version control using ethereum blockchain and IPFS","Nizamuddin, Nishara and Salah, Khaled and Azad, M. A. and Arshad, Junaid and Rehman, M. H.","2019","Computers \& Electrical Engineering","matched_no_oa_pdf","closed","""","no","""","openalex_doi",""""
"djeddi2025parallelCRT","article","10.1007/s11276-016-1357-1","RESIDENT: A Reliable Residue Number System-Based Data Transmission Mechanism for Wireless Sensor Networks","Ye, Rong and Boukerche, Azzedine and Wang, Hangguan and Zhou, Xianwei and Yan, Bo","2018","Wireless Networks","matched_no_oa_pdf","closed","""","no","""","openalex_doi",""""
"akande2018iotChallenges","article","10.1016/j.psep.2018.05.009","Sustainable Industry 4.0 framework: A systematic literature review identifying the current trends and future perspectives","Kamble, Sachin S. and Gunasekaran, Angappa and Gawankar, Shradha A.","2018","Process Safety and Environmental Protection","matched_no_oa_pdf","closed","""","no","""","openalex_doi",""""
"rahimi2023fabricSensors","article","10.1109/srds.2017.36","Performance Modeling of PBFT Consensus Process for Permissioned Blockchain Network (Hyperledger Fabric)","Sukhwani, Harish and Martinez, Jose M. and Chang, Xuemei and Trivedi, Kishor S. and Rindos, Andy","2017","2017 IEEE 36th Symposium on Reliable Distributed Systems (SRDS)","matched_no_oa_pdf","closed","""","no","""","openalex_doi",""""
"knight2025iotResilience","article","10.3390/s16071141","Developing Ubiquitous Sensor Network Platform Using Internet of Things: Application in Precision Agriculture","Ferrandez-Pastor, Francisco-Javier and Garcia-Chamizo, Juan-Manuel and Nieto-Hidalgo, Mario and Mora-Pascual, Joselito and Mora-Martinez, Jose","2016","Sensors","downloaded","gold","https://www.mdpi.com/1424-8220/16/7/1141/pdf?version=1469415747","yes","papers/Developing_Ubiquitous_Sensor_Network_Platform_Using_Internet_of_Things_Application_in_Precision_Agricultu.pdf","openalex_doi",""""
"brooks2019precisionWater","article","10.1016/s0378-3774(02)00075-6","Irrigation management under water scarcity","Pereira, Luis Santos and Oweis, Theib and Zairi, Akissa","2002","Agricultural Water Management","matched_no_oa_pdf","closed","""","no","""","openalex_doi",""""
"mohamed2024cropQuality","article","10.1155/2016/9784071","Sensor-Based Model Driven Control Strategy for Precision Irrigation","Lozoya, Cecilio and Mendoza, Carlos and Aguilar, Antonio and Flores, Arturo and Salido, Marco","2016","Journal of Sensors","matched","hybrid","http://downloads.hindawi.com/journals/js/2016/9784071.pdf","no","""","openalex_doi","OA PDF download failed"
"green2022irrigationDemand","article","10.1016/j.agwat.2011.08.022","Improved indicators of water use performance and productivity for sustainable water conservation and saving","Pereira, Luis Santos and Cordery, Ian and Iacovides, Iacovos","2012","Agricultural Water Management","matched_no_oa_pdf","closed","""","no","""","openalex_doi",""""
"ahmad2025agriBlockchain","article","10.1016/j.atech.2025.101242","Efficient productivity prediction model based on edge data compression in smart farms","Jin, Peng and Du, Wenshuang and Jin, Wenquan","2025","Smart Agricultural Technology","matched","gold","""","no","""","openalex_doi","Open-access landing page found, but no direct PDF URL"
"ding1996chinese","article","10.1201/b17673-23","The Chinese remainder theorem","Ding, Cunsheng and Pei, Dingyi and Salomaa, Arto","1996","Applications of the Chinese Remainder Theorem","matched_no_oa_pdf","closed","""","no","""","openalex_title",""""
"knuth1997art","book","10.2307/2317055","The art of computer programming, volume 2: Seminumerical algorithms","Knuth, Donald E","1997","Addison-Wesley Professional","matched_no_oa_pdf","closed","""","no","""","openalex_title",""""
"hardy2008introduction","book","10.1016/0016-0032(60)90676-1","An introduction to the theory of numbers","Hardy, Godfrey Harold and Wright, Edward Maitland and Heath-Brown, Roger and Silverman, Joseph","2008","Oxford University Press","matched_no_oa_pdf","closed","""","no","""","openalex_title",""""
"menezes1996handbook","book","10.5860/choice.34-4512","Handbook of applied cryptography","Menezes, Alfred J and Van Oorschot, Paul C and Vanstone, Scott A","1996","CRC press","matched","green","""","no","""","openalex_title","Open-access landing page found, but no direct PDF URL"
"shoup2009computational","book","""","A computational introduction to number theory and algebra","Shoup, Victor","2009","Cambridge University Press","unresolved","unknown","""","no","""","""",""""
"ziv1977universal","article","""","A universal algorithm for sequential data compression","Ziv, Jacob and Lempel, Abraham","1977","IEEE Transactions on Information Theory","unresolved","unknown","""","no","""","""",""""
"huffman1952method","article","""","A method for the construction of minimum-redundancy codes","Huffman, David A","1952","Proceedings of the IRE","unresolved","unknown","""","no","""","""",""""
"salomon2007data","book","""","Data compression: the complete reference","Salomon, David","2007","Springer Science \& Business Media","unresolved","unknown","""","no","""","""",""""
"gubbi2013internet","article","""","Internet of Things (IoT): A vision, architectural elements, and future directions","Gubbi, Jayavardhana and Buyya, Rajkumar and Marusic, Slaven and Palaniswami, Marimuthu","2013","Future generation computer systems","unresolved","unknown","""","no","""","""",""""
"christidis2016blockchain","article","""","Blockchains and smart contracts for the internet of things","Christidis, Konstantinos and Devetsikiotis, Michael","2016","IEEE Access","unresolved","unknown","""","no","""","""",""""
"semtech2015lorawan","manual","""","LoRa Modem Designer's Guide","Semtech Corporation","2015","""","unresolved","unknown","""","no","""","""",""""
"sheng2006comparison","inproceedings","""","A comparison of data compression algorithms for wireless sensor networks","Sheng, Bin and Li, Qun and Mao, Wenbo","2006","2006 IEEE International Conference on Communications","unresolved","unknown","""","no","""","""",""""
"barr1994energy","article","""","Energy consumption and bandwidth in wireless sensor networks","Barr, K. C. and Asanovic, K.","2004","IEEE Micro","unresolved","unknown","""","no","""","""",""""
"polastre2005versatile","article","""","Versatile low power media access for wireless sensor networks","Polastre, Joseph and Hill, Jason and Culler, David","2004","Proceedings of the 2nd international conference on Embedded networked sensor systems","unresolved","unknown","""","no","""","""",""""
"yavari2020blockchain","article","10.1155/2020/8875217","An Improved Blockchain-Based Authentication Protocol for IoT Network Management","Yavari, Mostafa and Safkhani, Masoumeh and Kumari, Saru and Kumar, Sachin and Chen, Chien-Ming","2020","Security and Communication Networks","matched","hybrid","https://downloads.hindawi.com/journals/bmri/2020/8875217.pdf","no","""","openalex_doi","OA location did not return a PDF"
"kalaimathi2025injection","inproceedings","10.1109/icdcece65353.2025.11035330","Identifying False Injection Packet Transmission using SVM and Secure OLSR in Wireless Sensor Networks","Kalaimathi, R. and Yogeshwaran, A. and Rajeswari, P.","2025","4th International Conference on Distributed Computing and Electrical Circuits and Electronics (ICDCECE)","matched_no_oa_pdf","closed","""","no","""","openalex_doi",""""
"kumari2025rom","inproceedings","10.1109/iot.2025.11089136","Building Trust in IoT Networks: A ROM-Based Key Storage and Cloud Signature Verification Approach","Kumari, Saru and Singh, Rajeev and Kumar, Amit","2025","2025 IEEE International Conference on Internet of Things (iThings)","unresolved","unknown","""","no","""","""",""""
"csdn_esp32s3_cache","misc","""","ESP32S3 Cache block diagram and operations","Cris Jay","2025","""","unresolved","unknown","""","no","""","""",""""
"esp_hal_cache","misc","""","Cache Management and Memory Barriers: esp-hal Documentation","esp-rs Project","2025","""","unresolved","unknown","""","no","""","""",""""
"brewer2000towards","inproceedings","""","Towards robust distributed systems","Brewer, Eric A.","2000","Proceedings of the 19th Annual ACM Symposium on Principles of Distributed Computing (PODC)","unresolved","unknown","""","no","""","""",""""
"gilbert2002brewer","article","10.1145/564585.564601","Brewer's conjecture and the feasibility of consistent, available, partition-tolerant web services","Gilbert, Seth and Lynch, Nancy","2002","ACM SIGACT News","matched_no_oa_pdf","closed","""","no","""","openalex_doi",""""
"pritchett2008base","article","10.1145/1394127.1394128","BASE: An ACID alternative","Pritchett, Dan","2008","Queue","matched","bronze","https://dl.acm.org/doi/pdf/10.1145/1394127.1394128","no","""","openalex_doi","OA location did not return a PDF"
"ongaro2014raft","article","""","In search of an understandable consensus algorithm","Ongaro, Diego and Ousterhout, John","2014","USENIX Annual Technical Conference","unresolved","unknown","""","no","""","""",""""
"castro1999practical","inproceedings","""","Practical Byzantine fault tolerance","Castro, Miguel and Liskov, Barbara","1999","Proceedings of the Third Symposium on Operating Systems Design and Implementation (OSDI)","unresolved","unknown","""","no","""","""",""""
"yin2019hotstuff","inproceedings","10.1145/3293611.3331591","HotStuff: BFT consensus with linearity and responsiveness","Yin, Maofan and Malkhi, Dahlia and Reiter, Michael K. and Gueta, Guy Golan and Abraham, Ittai","2019","Proceedings of the 2019 ACM Symposium on Principles of Distributed Computing (PODC)","matched","gold","https://dl.acm.org/doi/pdf/10.1145/3293611.3331591","no","""","openalex_doi","OA location did not return a PDF"
"bessani2014state","article","10.1109/dsn.2014.43","State machine replication for the masses with BFT-SMART","Bessani, Alysson and Sousa, Jo\~ao and Alchieri, Eduardo E.","2014","IEEE/IFIP International Conference on Dependable Systems and Networks (DSN)","matched","green","""","no","""","openalex_doi","Open-access landing page found, but no direct PDF URL"
"gonzalez2000energy","article","10.1109/40.877952","Energy and delay: A metric for early design space exploration","Gonzalez, R. and Horowitz, M.","2000","IEEE Micro","matched_no_oa_pdf","closed","""","no","""","openalex_doi",""""
"lzw_dictionary_size","misc","""","What if Dictionary size in LZW algorithm is full?","Stack Overflow Community","2016","""","unresolved","unknown","""","no","""","""",""""
"lu2022revocation","inproceedings","10.1109/blockchain55522.2022.00055","Reducing Revocation Latency in IoV using Edge Computing and Permissioned Blockchain","Lu, Zhihua and Wang, Wei and Zhang, Xiaoyu and Chen, Lin","2022","2022 IEEE International Conference on Blockchain (Blockchain)","unresolved","unknown","""","no","""","""",""""
"hyperledger2022msp","misc","""","MSP Identity Validity Rules","Hyperledger Fabric Documentation","2022","""","unresolved","unknown","""","no","""","""",""""
"beloa2025bitcoincrt","unpublished","""","Enhancing Bitcoin Scalability through Parallel Programming and Chinese Remainder Theorem Optimization with Applications in Agriculture and Healthcare","Beloa, Forcha Glen","2025","""","unresolved","unknown","""","no","""","""",""""
"beloasone2025hrbac","unpublished","""","A Decentralized Hierarchical Role-Based Access Control Framework for Agricultural Edge Internet of Things: Design, Implementation, and 61-Day Field Evaluation","Beloa, Forcha Glen and Sone, Michael Ekonde and Tagne, Elie Fute and Mvogo Asse, Andr\'e Paul","2025","""","unresolved","unknown","""","no","""","""",""""
