claim_id,V9_2_section,V9_2_claim,required_dataset,available_dataset,raw_or_summary,analysis_script,reproduced_value,V9_2_value,difference,V10_action,status
C01,Methods/deployment,61-day field deployment,sensor_transactions.csv,sensor_transactions.csv,raw,build_phase1_4_reports.py,61 days (2025-08-01T00:00:00+01:00 to 2025-09-30T23:30:00+01:00),61 days,0,keep,reproduced_exactly
C02,Methods/deployment,50 sensors / 4 gateways / 4 zones,raw_field_topology.csv,raw_field_topology.csv,raw,build_phase1_4_reports.py,"50 sensors / 4 gateways / 5 zones, non-uniform gateway load {'GW01': 19, 'GW02': 10, 'GW03': 11, 'GW04': 10}",50 / 4 / 4,zones: real=5 vs claimed=4; gateway load non-uniform (GW01=19 vs ~10 for others),"correct topology description in V10 (5 zones, uneven GW01 load)",changed
C03,Results/authorization,"209,000 authorization decisions",authorization_decisions.csv,authorization_decisions.csv,raw,build_phase1_4_reports.py,209000 (204140 allowed / 4860 denied),209000,0,keep,reproduced_exactly
C04,Results/sensors,"146,400 sensor-write transactions",sensor_transactions.csv,sensor_transactions.csv,raw,build_phase1_4_reports.py,146400,146400,0,keep,reproduced_exactly_but_see_C05_C16_integrity_caveat
C05,Results/authorization,authorization decisions cover every sensor write (linked via tx_id),authorization_decisions.csv + sensor_transactions.csv,both present but not joinable,raw,build_phase1_4_reports.py,tx_id overlap = 0 of 146400,linked (209000 >= 146400 implied coverage),0% tx_id overlap: the two files cannot be joined on tx_id at all,"withdraw the ""decisions cover every write"" linkage claim; report the two counts independently, not as superset/subset",withdrawn
C06,Methods/peers,"32 peer-multiplicity runs, 8 per configuration",peer_scaling_runs.csv,peer_scaling_runs.csv,raw,build_phase1_4_reports.py,"32 runs, per-config counts {'4': 8, '8': 8, '16': 8, '32': 8}",32 (8x4),0,keep,reproduced_exactly
C07,Methods/peers,two complementary 4x4 Latin squares (counterbalanced order),peer_scaling_runs.csv start_timestamp order,peer_scaling_runs.csv,raw,build_phase1_4_reports.py,"run order is strictly sequential by configuration: 8x(peer=4), then 8x(peer=8), then 8x(peer=16), then 8x(peer=32) -- peer_count is fully confounded with time/order",counterbalanced Latin-square design,no counterbalancing found; peer_count and run order are the same variable in this data,withdraw the counterbalancing claim; drop the block+serial_position model term (no such design exists); report peer_count effect as confounded with a time trend and treat this as a primary limitation,withdrawn
C08,Methods/peers,campaign run on four Raspberry Pi hosts,peer_scaling_runs.csv host_id,peer_scaling_runs.csv,raw,build_phase1_4_reports.py,host_id values: ['bench-host-01'] (1 unique host),4 hosts,"1 host recorded, not 4",correct to single host in V10; external validity limitation,changed
C09,Methods/latency-decomposition,rbac_overhead_ms / recorded authorization-associated span field,sensor_transactions.csv or authorization_decisions.csv column,absent from both files,raw,build_phase1_4_reports.py,field present: False,~320ms reported metric,field does not exist in the analyst package,drop the recorded-authorization-associated-span decomposition entirely from V10; only total write latency is available,not_measurable
C10,Methods/throughput,100 throughput runs: 10 concurrency x 2 conditions x 5 runs,throughput_runs.csv,throughput_runs.csv,raw,build_phase1_4_reports.py,"100 runs, concurrency levels [1, 2, 4, 8, 16, 32, 64, 128, 256, 512]",100 (10x2x5),0,keep,reproduced_exactly
C11,Methods/throughput,HRBAC and baseline runs interleaved within each concurrency cell,throughput_runs.csv start_timestamp order,throughput_runs.csv,raw,build_phase1_4_reports.py,"within every concurrency cell, all 5 baseline runs run before all 5 hrbac runs (blocked, not interleaved)",interleaved (per V08 fix),"design is blocked by condition, not interleaved",withdraw interleaving claim; report as blocked design with a within-cell order limitation,withdrawn
C12,Results/security,"8,000/8,000 scripted attempts blocked (""all attacks correctly refused"")",authorization_boundary_attempts.csv,authorization_boundary_attempts.csv,raw,build_phase1_4_reports.py,"7955/8000 denied, 45 allowed (not blocked)",8000/8000 blocked,"45 scripted attempts were allowed, not blocked","replace with the real count and drop ""all attacks were correctly refused""; report the allowed subset by scenario",changed
C13,Results/revocation,200 revocation-stage records,revocation_stages.csv,revocation_stages.csv,raw,build_phase1_4_reports.py,"200 records, 50 distinct events x 4 stages each, 3 stage failures",200,0,keep,reproduced_exactly
C14,Results/revocation,59/200 = 29.5% of stage records carry a delayed label,revocation_stages.csv,revocation_stages.csv (status field only has completed/failed),raw,build_phase1_4_reports.py,"no 'delayed' label exists in this file's status field; computed publish->propagation_complete delay directly: mean 5.98s, max 9.0s (all well under a minute, all 50 events fully linked)",29.5% delayed,no delayed-label concept in this data; computed delays are uniformly small,"withdraw the 29.5%-delayed claim; report the directly computed stage-to-stage delay distribution instead, noting all 50 revocation events are fully linked (an improvement over the earlier unlinked-stage-record limitation)",withdrawn
C15,Results/revocation,973 field access attempts recorded as denied for revocation,revocation_denials.csv,revocation_denials.csv,raw,build_phase1_4_reports.py,973,973,0,keep,reproduced_exactly
C16,Results/availability,"3 gateway connectivity outages, zero sensor data loss",connectivity_outages.csv + sensor_transactions.csv,"both present, contradictory",raw,reconcile_outages.py,"3 outages confirmed; ""zero data loss"" is not supported -- see results/outage_data_integrity_report.md (internally_inconsistent, 36/39 sensor-outage pairs)","3 outages, implicitly zero loss",outage log and sensor-transaction table could not be reconciled at the affected-gateway level,report 3 outages; withdraw any zero-data-loss or buffering claim pending analyst follow-up,unresolved
C17,Results/energy,energy single-channel/CRT 24.20/12.41 mJ (CRT 48.7% lower),energy_measurements.csv,energy_measurements.csv,raw,build_phase1_4_reports.py,"single_channel mean 9.98 mJ, crt mean 11.60 mJ -- CRT is HIGHER, not lower","24.20/12.41 mJ, CRT lower",direction reversed: CRT costs more energy than single-channel in this data,replace with real means and the reversed direction; do not claim a CRT energy benefit,changed
C18,Results/crypto,signing pipeline ~900us (SD 9),cryptographic_timings.csv,cryptographic_timings.csv,raw,build_phase1_4_reports.py,"ed25519_sign mean 1852.8us, ed25519_verify mean 3184.2us, sha256 mean 84.5us",~900us (SD9),"signing alone is ~1853us, roughly double the previously reported figure; SHA-256 (~85us) may be the component previously conflated with ""signing pipeline""","report the three operations separately with their own means/SDs instead of one combined ""signing pipeline"" figure",changed
C19,Results/CRT,"90.0% of writes reconstructed from 2 of 3 residues, all mathematically incorrect",sensor_transactions.csv crt_residues_received,sensor_transactions.csv,raw,build_phase1_4_reports.py,crt_residues_received takes values 0-5 (not 0-3): dominant value is 5 residues (144675/146400 = 98.8%); values of 1-4 residues occur only 344-377 times each,"k=3 scheme, 90% two-residue reconstructions","the historical scheme in this data appears to use up to 5 residues, not the 3-residue (moduli 97/101/103) scheme the prior CRT narrative assumed",re-derive the CRT bound analysis from the actual chaincode/firmware modulus set before restating any CRT recovery-bound claim; do not reuse the k=3 narrative unverified,provenance_uncertain
C20,Discussion,"377,414 rows across 10 traces",sum of all 10 raw trace files,all 10 files,raw,build_phase1_4_reports.py,381876,377414,+4462,"report the real computed total, not 377414",changed
C21,Results/corrected-implementation,corrected-implementation performance measurements,any corrected_*.csv in the package,none present,n/a,n/a,not present,n/a (new claim),no corrected-version data supplied,retain the non-equivalence statement per task Phase 8; do not benchmark the corrected implementation,missing
